INFO  [alembic.runtime.migration] Context impl SQLiteImpl.
INFO  [alembic.runtime.migration] Will assume non-transactional DDL.
INFO  [alembic.runtime.migration] Context impl SQLiteImpl.
INFO  [alembic.runtime.migration] Will assume non-transactional DDL.
ERROR:    Exception in ASGI application
Traceback (most recent call last):
  File "D:\自媒体\漫画工作流\.venv-desktop\Lib\site-packages\uvicorn\protocols\http\httptools_impl.py", line 422, in run_asgi
    result = await app(  # type: ignore[func-returns-value]
             ^^^^^^^^^^^^^^^^^^^^^^^^^^^^^^^^^^^^^^^^^^^^^^
  File "D:\自媒体\漫画工作流\.venv-desktop\Lib\site-packages\uvicorn\middleware\proxy_headers.py", line 63, in __call__
    return await self.app(scope, receive, send)
           ^^^^^^^^^^^^^^^^^^^^^^^^^^^^^^^^^^^^
  File "D:\自媒体\漫画工作流\.venv-desktop\Lib\site-packages\fastapi\applications.py", line 1163, in __call__
    await super().__call__(scope, receive, send)
  File "D:\自媒体\漫画工作流\.venv-desktop\Lib\site-packages\starlette\applications.py", line 96, in __call__
    await self.middleware_stack(scope, receive, send)
  File "D:\自媒体\漫画工作流\.venv-desktop\Lib\site-packages\starlette\middleware\errors.py", line 186, in __call__
    raise exc
  File "D:\自媒体\漫画工作流\.venv-desktop\Lib\site-packages\starlette\middleware\errors.py", line 164, in __call__
    await self.app(scope, receive, _send)
  File "D:\自媒体\漫画工作流\.venv-desktop\Lib\site-packages\starlette\middleware\trustedhost.py", line 51, in __call__
    await self.app(scope, receive, send)
  File "D:\自媒体\漫画工作流\.venv-desktop\Lib\site-packages\starlette\middleware\cors.py", line 88, in __call__
    await self.app(scope, receive, send)
  File "D:\自媒体/漫画工作流/apps/api\app\request_limits.py", line 232, in __call__
    await self.app(scope, receive, send)
  File "D:\自媒体\漫画工作流\.venv-desktop\Lib\site-packages\starlette\middleware\exceptions.py", line 63, in __call__
    await wrap_app_handling_exceptions(self.app, conn)(scope, receive, send)
  File "D:\自媒体\漫画工作流\.venv-desktop\Lib\site-packages\starlette\_exception_handler.py", line 53, in wrapped_app
    raise exc
  File "D:\自媒体\漫画工作流\.venv-desktop\Lib\site-packages\starlette\_exception_handler.py", line 42, in wrapped_app
    await app(scope, receive, sender)
  File "D:\自媒体\漫画工作流\.venv-desktop\Lib\site-packages\fastapi\middleware\asyncexitstack.py", line 18, in __call__
    await self.app(scope, receive, send)
  File "D:\自媒体\漫画工作流\.venv-desktop\Lib\site-packages\starlette\routing.py", line 670, in __call__
    await self.middleware_stack(scope, receive, send)
  File "D:\自媒体\漫画工作流\.venv-desktop\Lib\site-packages\fastapi\routing.py", line 2683, in app
    await route.handle(scope, receive, send)
  File "D:\自媒体\漫画工作流\.venv-desktop\Lib\site-packages\fastapi\routing.py", line 1753, in handle
    await self.original_router.handle(scope, receive, send)
  File "D:\自媒体\漫画工作流\.venv-desktop\Lib\site-packages\fastapi\routing.py", line 2738, in handle
    await included_router._handle_selected(scope, receive, send)
  File "D:\自媒体\漫画工作流\.venv-desktop\Lib\site-packages\fastapi\routing.py", line 1764, in _handle_selected
    await route.handle(scope, receive, send)
  File "D:\自媒体\漫画工作流\.venv-desktop\Lib\site-packages\fastapi\routing.py", line 1753, in handle
    await self.original_router.handle(scope, receive, send)
  File "D:\自媒体\漫画工作流\.venv-desktop\Lib\site-packages\fastapi\routing.py", line 2738, in handle
    await included_router._handle_selected(scope, receive, send)
  File "D:\自媒体\漫画工作流\.venv-desktop\Lib\site-packages\fastapi\routing.py", line 1773, in _handle_selected
    await original_route.handle(scope, receive, send)
  File "D:\自媒体\漫画工作流\.venv-desktop\Lib\site-packages\fastapi\routing.py", line 1264, in handle
    await app(scope, receive, send)
  File "D:\自媒体\漫画工作流\.venv-desktop\Lib\site-packages\fastapi\routing.py", line 150, in app
    await wrap_app_handling_exceptions(app, request)(scope, receive, send)
  File "D:\自媒体\漫画工作流\.venv-desktop\Lib\site-packages\starlette\_exception_handler.py", line 53, in wrapped_app
    raise exc
  File "D:\自媒体\漫画工作流\.venv-desktop\Lib\site-packages\starlette\_exception_handler.py", line 42, in wrapped_app
    await app(scope, receive, sender)
  File "D:\自媒体\漫画工作流\.venv-desktop\Lib\site-packages\fastapi\routing.py", line 136, in app
    response = await f(request)
               ^^^^^^^^^^^^^^^^
  File "D:\自媒体\漫画工作流\.venv-desktop\Lib\site-packages\fastapi\routing.py", line 690, in app
    raw_response = await run_endpoint_function(
                   ^^^^^^^^^^^^^^^^^^^^^^^^^^^^
  File "D:\自媒体\漫画工作流\.venv-desktop\Lib\site-packages\fastapi\routing.py", line 346, in run_endpoint_function
    return await run_in_threadpool(dependant.call, **values)
           ^^^^^^^^^^^^^^^^^^^^^^^^^^^^^^^^^^^^^^^^^^^^^^^^^
  File "D:\自媒体\漫画工作流\.venv-desktop\Lib\site-packages\starlette\concurrency.py", line 34, in run_in_threadpool
    return await anyio.to_thread.run_sync(func)
           ^^^^^^^^^^^^^^^^^^^^^^^^^^^^^^^^^^^^
  File "D:\自媒体\漫画工作流\.venv-desktop\Lib\site-packages\anyio\to_thread.py", line 65, in run_sync
    return await get_async_backend().run_sync_in_worker_thread(
           ^^^^^^^^^^^^^^^^^^^^^^^^^^^^^^^^^^^^^^^^^^^^^^^^^^^^
  File "D:\自媒体\漫画工作流\.venv-desktop\Lib\site-packages\anyio\_backends\_asyncio.py", line 2706, in run_sync_in_worker_thread
    return await future
           ^^^^^^^^^^^^
  File "D:\自媒体\漫画工作流\.venv-desktop\Lib\site-packages\anyio\_backends\_asyncio.py", line 1100, in run
    result = context.run(func, *args)
             ^^^^^^^^^^^^^^^^^^^^^^^^
  File "D:\自媒体/漫画工作流/apps/api\app\api\routes\uploads.py", line 706, in asset_thumbnail
    asset = db.get(Asset, asset_id)
            ^^^^^^^^^^^^^^^^^^^^^^^
  File "D:\自媒体\漫画工作流\.venv-desktop\Lib\site-packages\sqlalchemy\orm\session.py", line 3702, in get
    return self._get_impl(
           ^^^^^^^^^^^^^^^
  File "D:\自媒体\漫画工作流\.venv-desktop\Lib\site-packages\sqlalchemy\orm\session.py", line 3881, in _get_impl
    return db_load_fn(
           ^^^^^^^^^^^
  File "D:\自媒体\漫画工作流\.venv-desktop\Lib\site-packages\sqlalchemy\orm\loading.py", line 695, in load_on_pk_identity
    session.execute(
  File "D:\自媒体\漫画工作流\.venv-desktop\Lib\site-packages\sqlalchemy\orm\session.py", line 2373, in execute
    return self._execute_internal(
           ^^^^^^^^^^^^^^^^^^^^^^^
  File "D:\自媒体\漫画工作流\.venv-desktop\Lib\site-packages\sqlalchemy\orm\session.py", line 2261, in _execute_internal
    conn = self._connection_for_bind(bind)
           ^^^^^^^^^^^^^^^^^^^^^^^^^^^^^^^
  File "D:\自媒体\漫画工作流\.venv-desktop\Lib\site-packages\sqlalchemy\orm\session.py", line 2113, in _connection_for_bind
    return trans._connection_for_bind(engine, execution_options)
           ^^^^^^^^^^^^^^^^^^^^^^^^^^^^^^^^^^^^^^^^^^^^^^^^^^^^^
  File "<string>", line 2, in _connection_for_bind
  File "D:\自媒体\漫画工作流\.venv-desktop\Lib\site-packages\sqlalchemy\orm\state_changes.py", line 137, in _go
    ret_value = fn(self, *arg, **kw)
                ^^^^^^^^^^^^^^^^^^^^
  File "D:\自媒体\漫画工作流\.venv-desktop\Lib\site-packages\sqlalchemy\orm\session.py", line 1191, in _connection_for_bind
    conn = bind.connect()
           ^^^^^^^^^^^^^^
  File "D:\自媒体\漫画工作流\.venv-desktop\Lib\site-packages\sqlalchemy\engine\base.py", line 3295, in connect
    return self._connection_cls(self)
           ^^^^^^^^^^^^^^^^^^^^^^^^^^
  File "D:\自媒体\漫画工作流\.venv-desktop\Lib\site-packages\sqlalchemy\engine\base.py", line 144, in __init__
    self._dbapi_connection = engine.raw_connection()
                             ^^^^^^^^^^^^^^^^^^^^^^^
  File "D:\自媒体\漫画工作流\.venv-desktop\Lib\site-packages\sqlalchemy\engine\base.py", line 3319, in raw_connection
    return self.pool.connect()
           ^^^^^^^^^^^^^^^^^^^
  File "D:\自媒体\漫画工作流\.venv-desktop\Lib\site-packages\sqlalchemy\pool\base.py", line 448, in connect
    return _ConnectionFairy._checkout(self)
           ^^^^^^^^^^^^^^^^^^^^^^^^^^^^^^^^
  File "D:\自媒体\漫画工作流\.venv-desktop\Lib\site-packages\sqlalchemy\pool\base.py", line 1272, in _checkout
    fairy = _ConnectionRecord.checkout(pool)
            ^^^^^^^^^^^^^^^^^^^^^^^^^^^^^^^^
  File "D:\自媒体\漫画工作流\.venv-desktop\Lib\site-packages\sqlalchemy\pool\base.py", line 712, in checkout
    rec = pool._do_get()
          ^^^^^^^^^^^^^^
  File "D:\自媒体\漫画工作流\.venv-desktop\Lib\site-packages\sqlalchemy\pool\impl.py", line 167, in _do_get
    raise exc.TimeoutError(
sqlalchemy.exc.TimeoutError: QueuePool limit of size 5 overflow 10 reached, connection timed out, timeout 30.00 (Background on this error at: https://sqlalche.me/e/20/3o7r)
ERROR:    Exception in ASGI application
Traceback (most recent call last):
  File "D:\自媒体\漫画工作流\.venv-desktop\Lib\site-packages\uvicorn\protocols\http\httptools_impl.py", line 422, in run_asgi
    result = await app(  # type: ignore[func-returns-value]
             ^^^^^^^^^^^^^^^^^^^^^^^^^^^^^^^^^^^^^^^^^^^^^^
  File "D:\自媒体\漫画工作流\.venv-desktop\Lib\site-packages\uvicorn\middleware\proxy_headers.py", line 63, in __call__
    return await self.app(scope, receive, send)
           ^^^^^^^^^^^^^^^^^^^^^^^^^^^^^^^^^^^^
  File "D:\自媒体\漫画工作流\.venv-desktop\Lib\site-packages\fastapi\applications.py", line 1163, in __call__
    await super().__call__(scope, receive, send)
  File "D:\自媒体\漫画工作流\.venv-desktop\Lib\site-packages\starlette\applications.py", line 96, in __call__
    await self.middleware_stack(scope, receive, send)
  File "D:\自媒体\漫画工作流\.venv-desktop\Lib\site-packages\starlette\middleware\errors.py", line 186, in __call__
    raise exc
  File "D:\自媒体\漫画工作流\.venv-desktop\Lib\site-packages\starlette\middleware\errors.py", line 164, in __call__
    await self.app(scope, receive, _send)
  File "D:\自媒体\漫画工作流\.venv-desktop\Lib\site-packages\starlette\middleware\trustedhost.py", line 51, in __call__
    await self.app(scope, receive, send)
  File "D:\自媒体\漫画工作流\.venv-desktop\Lib\site-packages\starlette\middleware\cors.py", line 88, in __call__
    await self.app(scope, receive, send)
  File "D:\自媒体/漫画工作流/apps/api\app\request_limits.py", line 232, in __call__
    await self.app(scope, receive, send)
  File "D:\自媒体\漫画工作流\.venv-desktop\Lib\site-packages\starlette\middleware\exceptions.py", line 63, in __call__
    await wrap_app_handling_exceptions(self.app, conn)(scope, receive, send)
  File "D:\自媒体\漫画工作流\.venv-desktop\Lib\site-packages\starlette\_exception_handler.py", line 53, in wrapped_app
    raise exc
  File "D:\自媒体\漫画工作流\.venv-desktop\Lib\site-packages\starlette\_exception_handler.py", line 42, in wrapped_app
    await app(scope, receive, sender)
  File "D:\自媒体\漫画工作流\.venv-desktop\Lib\site-packages\fastapi\middleware\asyncexitstack.py", line 18, in __call__
    await self.app(scope, receive, send)
  File "D:\自媒体\漫画工作流\.venv-desktop\Lib\site-packages\starlette\routing.py", line 670, in __call__
    await self.middleware_stack(scope, receive, send)
  File "D:\自媒体\漫画工作流\.venv-desktop\Lib\site-packages\fastapi\routing.py", line 2683, in app
    await route.handle(scope, receive, send)
  File "D:\自媒体\漫画工作流\.venv-desktop\Lib\site-packages\fastapi\routing.py", line 1753, in handle
    await self.original_router.handle(scope, receive, send)
  File "D:\自媒体\漫画工作流\.venv-desktop\Lib\site-packages\fastapi\routing.py", line 2738, in handle
    await included_router._handle_selected(scope, receive, send)
  File "D:\自媒体\漫画工作流\.venv-desktop\Lib\site-packages\fastapi\routing.py", line 1764, in _handle_selected
    await route.handle(scope, receive, send)
  File "D:\自媒体\漫画工作流\.venv-desktop\Lib\site-packages\fastapi\routing.py", line 1753, in handle
    await self.original_router.handle(scope, receive, send)
  File "D:\自媒体\漫画工作流\.venv-desktop\Lib\site-packages\fastapi\routing.py", line 2738, in handle
    await included_router._handle_selected(scope, receive, send)
  File "D:\自媒体\漫画工作流\.venv-desktop\Lib\site-packages\fastapi\routing.py", line 1773, in _handle_selected
    await original_route.handle(scope, receive, send)
  File "D:\自媒体\漫画工作流\.venv-desktop\Lib\site-packages\fastapi\routing.py", line 1264, in handle
    await app(scope, receive, send)
  File "D:\自媒体\漫画工作流\.venv-desktop\Lib\site-packages\fastapi\routing.py", line 150, in app
    await wrap_app_handling_exceptions(app, request)(scope, receive, send)
  File "D:\自媒体\漫画工作流\.venv-desktop\Lib\site-packages\starlette\_exception_handler.py", line 53, in wrapped_app
    raise exc
  File "D:\自媒体\漫画工作流\.venv-desktop\Lib\site-packages\starlette\_exception_handler.py", line 42, in wrapped_app
    await app(scope, receive, sender)
  File "D:\自媒体\漫画工作流\.venv-desktop\Lib\site-packages\fastapi\routing.py", line 136, in app
    response = await f(request)
               ^^^^^^^^^^^^^^^^
  File "D:\自媒体\漫画工作流\.venv-desktop\Lib\site-packages\fastapi\routing.py", line 690, in app
    raw_response = await run_endpoint_function(
                   ^^^^^^^^^^^^^^^^^^^^^^^^^^^^
  File "D:\自媒体\漫画工作流\.venv-desktop\Lib\site-packages\fastapi\routing.py", line 346, in run_endpoint_function
    return await run_in_threadpool(dependant.call, **values)
           ^^^^^^^^^^^^^^^^^^^^^^^^^^^^^^^^^^^^^^^^^^^^^^^^^
  File "D:\自媒体\漫画工作流\.venv-desktop\Lib\site-packages\starlette\concurrency.py", line 34, in run_in_threadpool
    return await anyio.to_thread.run_sync(func)
           ^^^^^^^^^^^^^^^^^^^^^^^^^^^^^^^^^^^^
  File "D:\自媒体\漫画工作流\.venv-desktop\Lib\site-packages\anyio\to_thread.py", line 65, in run_sync
    return await get_async_backend().run_sync_in_worker_thread(
           ^^^^^^^^^^^^^^^^^^^^^^^^^^^^^^^^^^^^^^^^^^^^^^^^^^^^
  File "D:\自媒体\漫画工作流\.venv-desktop\Lib\site-packages\anyio\_backends\_asyncio.py", line 2706, in run_sync_in_worker_thread
    return await future
           ^^^^^^^^^^^^
  File "D:\自媒体\漫画工作流\.venv-desktop\Lib\site-packages\anyio\_backends\_asyncio.py", line 1100, in run
    result = context.run(func, *args)
             ^^^^^^^^^^^^^^^^^^^^^^^^
  File "D:\自媒体/漫画工作流/apps/api\app\api\routes\uploads.py", line 706, in asset_thumbnail
    asset = db.get(Asset, asset_id)
            ^^^^^^^^^^^^^^^^^^^^^^^
  File "D:\自媒体\漫画工作流\.venv-desktop\Lib\site-packages\sqlalchemy\orm\session.py", line 3702, in get
    return self._get_impl(
           ^^^^^^^^^^^^^^^
  File "D:\自媒体\漫画工作流\.venv-desktop\Lib\site-packages\sqlalchemy\orm\session.py", line 3881, in _get_impl
    return db_load_fn(
           ^^^^^^^^^^^
  File "D:\自媒体\漫画工作流\.venv-desktop\Lib\site-packages\sqlalchemy\orm\loading.py", line 695, in load_on_pk_identity
    session.execute(
  File "D:\自媒体\漫画工作流\.venv-desktop\Lib\site-packages\sqlalchemy\orm\session.py", line 2373, in execute
    return self._execute_internal(
           ^^^^^^^^^^^^^^^^^^^^^^^
  File "D:\自媒体\漫画工作流\.venv-desktop\Lib\site-packages\sqlalchemy\orm\session.py", line 2261, in _execute_internal
    conn = self._connection_for_bind(bind)
           ^^^^^^^^^^^^^^^^^^^^^^^^^^^^^^^
  File "D:\自媒体\漫画工作流\.venv-desktop\Lib\site-packages\sqlalchemy\orm\session.py", line 2113, in _connection_for_bind
    return trans._connection_for_bind(engine, execution_options)
           ^^^^^^^^^^^^^^^^^^^^^^^^^^^^^^^^^^^^^^^^^^^^^^^^^^^^^
  File "<string>", line 2, in _connection_for_bind
  File "D:\自媒体\漫画工作流\.venv-desktop\Lib\site-packages\sqlalchemy\orm\state_changes.py", line 137, in _go
    ret_value = fn(self, *arg, **kw)
                ^^^^^^^^^^^^^^^^^^^^
  File "D:\自媒体\漫画工作流\.venv-desktop\Lib\site-packages\sqlalchemy\orm\session.py", line 1191, in _connection_for_bind
    conn = bind.connect()
           ^^^^^^^^^^^^^^
  File "D:\自媒体\漫画工作流\.venv-desktop\Lib\site-packages\sqlalchemy\engine\base.py", line 3295, in connect
    return self._connection_cls(self)
           ^^^^^^^^^^^^^^^^^^^^^^^^^^
  File "D:\自媒体\漫画工作流\.venv-desktop\Lib\site-packages\sqlalchemy\engine\base.py", line 144, in __init__
    self._dbapi_connection = engine.raw_connection()
                             ^^^^^^^^^^^^^^^^^^^^^^^
  File "D:\自媒体\漫画工作流\.venv-desktop\Lib\site-packages\sqlalchemy\engine\base.py", line 3319, in raw_connection
    return self.pool.connect()
           ^^^^^^^^^^^^^^^^^^^
  File "D:\自媒体\漫画工作流\.venv-desktop\Lib\site-packages\sqlalchemy\pool\base.py", line 448, in connect
    return _ConnectionFairy._checkout(self)
           ^^^^^^^^^^^^^^^^^^^^^^^^^^^^^^^^
  File "D:\自媒体\漫画工作流\.venv-desktop\Lib\site-packages\sqlalchemy\pool\base.py", line 1272, in _checkout
    fairy = _ConnectionRecord.checkout(pool)
            ^^^^^^^^^^^^^^^^^^^^^^^^^^^^^^^^
  File "D:\自媒体\漫画工作流\.venv-desktop\Lib\site-packages\sqlalchemy\pool\base.py", line 712, in checkout
    rec = pool._do_get()
          ^^^^^^^^^^^^^^
  File "D:\自媒体\漫画工作流\.venv-desktop\Lib\site-packages\sqlalchemy\pool\impl.py", line 167, in _do_get
    raise exc.TimeoutError(
sqlalchemy.exc.TimeoutError: QueuePool limit of size 5 overflow 10 reached, connection timed out, timeout 30.00 (Background on this error at: https://sqlalche.me/e/20/3o7r)
ERROR:    Exception in ASGI application
Traceback (most recent call last):
  File "D:\自媒体\漫画工作流\.venv-desktop\Lib\site-packages\uvicorn\protocols\http\httptools_impl.py", line 422, in run_asgi
    result = await app(  # type: ignore[func-returns-value]
             ^^^^^^^^^^^^^^^^^^^^^^^^^^^^^^^^^^^^^^^^^^^^^^
  File "D:\自媒体\漫画工作流\.venv-desktop\Lib\site-packages\uvicorn\middleware\proxy_headers.py", line 63, in __call__
    return await self.app(scope, receive, send)
           ^^^^^^^^^^^^^^^^^^^^^^^^^^^^^^^^^^^^
  File "D:\自媒体\漫画工作流\.venv-desktop\Lib\site-packages\fastapi\applications.py", line 1163, in __call__
    await super().__call__(scope, receive, send)
  File "D:\自媒体\漫画工作流\.venv-desktop\Lib\site-packages\starlette\applications.py", line 96, in __call__
    await self.middleware_stack(scope, receive, send)
  File "D:\自媒体\漫画工作流\.venv-desktop\Lib\site-packages\starlette\middleware\errors.py", line 186, in __call__
    raise exc
  File "D:\自媒体\漫画工作流\.venv-desktop\Lib\site-packages\starlette\middleware\errors.py", line 164, in __call__
    await self.app(scope, receive, _send)
  File "D:\自媒体\漫画工作流\.venv-desktop\Lib\site-packages\starlette\middleware\trustedhost.py", line 51, in __call__
    await self.app(scope, receive, send)
  File "D:\自媒体\漫画工作流\.venv-desktop\Lib\site-packages\starlette\middleware\cors.py", line 88, in __call__
    await self.app(scope, receive, send)
  File "D:\自媒体/漫画工作流/apps/api\app\request_limits.py", line 232, in __call__
    await self.app(scope, receive, send)
  File "D:\自媒体\漫画工作流\.venv-desktop\Lib\site-packages\starlette\middleware\exceptions.py", line 63, in __call__
    await wrap_app_handling_exceptions(self.app, conn)(scope, receive, send)
  File "D:\自媒体\漫画工作流\.venv-desktop\Lib\site-packages\starlette\_exception_handler.py", line 53, in wrapped_app
    raise exc
  File "D:\自媒体\漫画工作流\.venv-desktop\Lib\site-packages\starlette\_exception_handler.py", line 42, in wrapped_app
    await app(scope, receive, sender)
  File "D:\自媒体\漫画工作流\.venv-desktop\Lib\site-packages\fastapi\middleware\asyncexitstack.py", line 18, in __call__
    await self.app(scope, receive, send)
  File "D:\自媒体\漫画工作流\.venv-desktop\Lib\site-packages\starlette\routing.py", line 670, in __call__
    await self.middleware_stack(scope, receive, send)
  File "D:\自媒体\漫画工作流\.venv-desktop\Lib\site-packages\fastapi\routing.py", line 2683, in app
    await route.handle(scope, receive, send)
  File "D:\自媒体\漫画工作流\.venv-desktop\Lib\site-packages\fastapi\routing.py", line 1753, in handle
    await self.original_router.handle(scope, receive, send)
  File "D:\自媒体\漫画工作流\.venv-desktop\Lib\site-packages\fastapi\routing.py", line 2738, in handle
    await included_router._handle_selected(scope, receive, send)
  File "D:\自媒体\漫画工作流\.venv-desktop\Lib\site-packages\fastapi\routing.py", line 1764, in _handle_selected
    await route.handle(scope, receive, send)
  File "D:\自媒体\漫画工作流\.venv-desktop\Lib\site-packages\fastapi\routing.py", line 1753, in handle
    await self.original_router.handle(scope, receive, send)
  File "D:\自媒体\漫画工作流\.venv-desktop\Lib\site-packages\fastapi\routing.py", line 2738, in handle
    await included_router._handle_selected(scope, receive, send)
  File "D:\自媒体\漫画工作流\.venv-desktop\Lib\site-packages\fastapi\routing.py", line 1773, in _handle_selected
    await original_route.handle(scope, receive, send)
  File "D:\自媒体\漫画工作流\.venv-desktop\Lib\site-packages\fastapi\routing.py", line 1264, in handle
    await app(scope, receive, send)
  File "D:\自媒体\漫画工作流\.venv-desktop\Lib\site-packages\fastapi\routing.py", line 150, in app
    await wrap_app_handling_exceptions(app, request)(scope, receive, send)
  File "D:\自媒体\漫画工作流\.venv-desktop\Lib\site-packages\starlette\_exception_handler.py", line 53, in wrapped_app
    raise exc
  File "D:\自媒体\漫画工作流\.venv-desktop\Lib\site-packages\starlette\_exception_handler.py", line 42, in wrapped_app
    await app(scope, receive, sender)
  File "D:\自媒体\漫画工作流\.venv-desktop\Lib\site-packages\fastapi\routing.py", line 136, in app
    response = await f(request)
               ^^^^^^^^^^^^^^^^
  File "D:\自媒体\漫画工作流\.venv-desktop\Lib\site-packages\fastapi\routing.py", line 690, in app
    raw_response = await run_endpoint_function(
                   ^^^^^^^^^^^^^^^^^^^^^^^^^^^^
  File "D:\自媒体\漫画工作流\.venv-desktop\Lib\site-packages\fastapi\routing.py", line 346, in run_endpoint_function
    return await run_in_threadpool(dependant.call, **values)
           ^^^^^^^^^^^^^^^^^^^^^^^^^^^^^^^^^^^^^^^^^^^^^^^^^
  File "D:\自媒体\漫画工作流\.venv-desktop\Lib\site-packages\starlette\concurrency.py", line 34, in run_in_threadpool
    return await anyio.to_thread.run_sync(func)
           ^^^^^^^^^^^^^^^^^^^^^^^^^^^^^^^^^^^^
  File "D:\自媒体\漫画工作流\.venv-desktop\Lib\site-packages\anyio\to_thread.py", line 65, in run_sync
    return await get_async_backend().run_sync_in_worker_thread(
           ^^^^^^^^^^^^^^^^^^^^^^^^^^^^^^^^^^^^^^^^^^^^^^^^^^^^
  File "D:\自媒体\漫画工作流\.venv-desktop\Lib\site-packages\anyio\_backends\_asyncio.py", line 2706, in run_sync_in_worker_thread
    return await future
           ^^^^^^^^^^^^
  File "D:\自媒体\漫画工作流\.venv-desktop\Lib\site-packages\anyio\_backends\_asyncio.py", line 1100, in run
    result = context.run(func, *args)
             ^^^^^^^^^^^^^^^^^^^^^^^^
  File "D:\自媒体/漫画工作流/apps/api\app\api\routes\uploads.py", line 706, in asset_thumbnail
    asset = db.get(Asset, asset_id)
            ^^^^^^^^^^^^^^^^^^^^^^^
  File "D:\自媒体\漫画工作流\.venv-desktop\Lib\site-packages\sqlalchemy\orm\session.py", line 3702, in get
    return self._get_impl(
           ^^^^^^^^^^^^^^^
  File "D:\自媒体\漫画工作流\.venv-desktop\Lib\site-packages\sqlalchemy\orm\session.py", line 3881, in _get_impl
    return db_load_fn(
           ^^^^^^^^^^^
  File "D:\自媒体\漫画工作流\.venv-desktop\Lib\site-packages\sqlalchemy\orm\loading.py", line 695, in load_on_pk_identity
    session.execute(
  File "D:\自媒体\漫画工作流\.venv-desktop\Lib\site-packages\sqlalchemy\orm\session.py", line 2373, in execute
    return self._execute_internal(
           ^^^^^^^^^^^^^^^^^^^^^^^
  File "D:\自媒体\漫画工作流\.venv-desktop\Lib\site-packages\sqlalchemy\orm\session.py", line 2261, in _execute_internal
    conn = self._connection_for_bind(bind)
           ^^^^^^^^^^^^^^^^^^^^^^^^^^^^^^^
  File "D:\自媒体\漫画工作流\.venv-desktop\Lib\site-packages\sqlalchemy\orm\session.py", line 2113, in _connection_for_bind
    return trans._connection_for_bind(engine, execution_options)
           ^^^^^^^^^^^^^^^^^^^^^^^^^^^^^^^^^^^^^^^^^^^^^^^^^^^^^
  File "<string>", line 2, in _connection_for_bind
  File "D:\自媒体\漫画工作流\.venv-desktop\Lib\site-packages\sqlalchemy\orm\state_changes.py", line 137, in _go
    ret_value = fn(self, *arg, **kw)
                ^^^^^^^^^^^^^^^^^^^^
  File "D:\自媒体\漫画工作流\.venv-desktop\Lib\site-packages\sqlalchemy\orm\session.py", line 1191, in _connection_for_bind
    conn = bind.connect()
           ^^^^^^^^^^^^^^
  File "D:\自媒体\漫画工作流\.venv-desktop\Lib\site-packages\sqlalchemy\engine\base.py", line 3295, in connect
    return self._connection_cls(self)
           ^^^^^^^^^^^^^^^^^^^^^^^^^^
  File "D:\自媒体\漫画工作流\.venv-desktop\Lib\site-packages\sqlalchemy\engine\base.py", line 144, in __init__
    self._dbapi_connection = engine.raw_connection()
                             ^^^^^^^^^^^^^^^^^^^^^^^
  File "D:\自媒体\漫画工作流\.venv-desktop\Lib\site-packages\sqlalchemy\engine\base.py", line 3319, in raw_connection
    return self.pool.connect()
           ^^^^^^^^^^^^^^^^^^^
  File "D:\自媒体\漫画工作流\.venv-desktop\Lib\site-packages\sqlalchemy\pool\base.py", line 448, in connect
    return _ConnectionFairy._checkout(self)
           ^^^^^^^^^^^^^^^^^^^^^^^^^^^^^^^^
  File "D:\自媒体\漫画工作流\.venv-desktop\Lib\site-packages\sqlalchemy\pool\base.py", line 1272, in _checkout
    fairy = _ConnectionRecord.checkout(pool)
            ^^^^^^^^^^^^^^^^^^^^^^^^^^^^^^^^
  File "D:\自媒体\漫画工作流\.venv-desktop\Lib\site-packages\sqlalchemy\pool\base.py", line 712, in checkout
    rec = pool._do_get()
          ^^^^^^^^^^^^^^
  File "D:\自媒体\漫画工作流\.venv-desktop\Lib\site-packages\sqlalchemy\pool\impl.py", line 167, in _do_get
    raise exc.TimeoutError(
sqlalchemy.exc.TimeoutError: QueuePool limit of size 5 overflow 10 reached, connection timed out, timeout 30.00 (Background on this error at: https://sqlalche.me/e/20/3o7r)
ERROR:    Exception in ASGI application
Traceback (most recent call last):
  File "D:\自媒体\漫画工作流\.venv-desktop\Lib\site-packages\uvicorn\protocols\http\httptools_impl.py", line 422, in run_asgi
    result = await app(  # type: ignore[func-returns-value]
             ^^^^^^^^^^^^^^^^^^^^^^^^^^^^^^^^^^^^^^^^^^^^^^
  File "D:\自媒体\漫画工作流\.venv-desktop\Lib\site-packages\uvicorn\middleware\proxy_headers.py", line 63, in __call__
    return await self.app(scope, receive, send)
           ^^^^^^^^^^^^^^^^^^^^^^^^^^^^^^^^^^^^
  File "D:\自媒体\漫画工作流\.venv-desktop\Lib\site-packages\fastapi\applications.py", line 1163, in __call__
    await super().__call__(scope, receive, send)
  File "D:\自媒体\漫画工作流\.venv-desktop\Lib\site-packages\starlette\applications.py", line 96, in __call__
    await self.middleware_stack(scope, receive, send)
  File "D:\自媒体\漫画工作流\.venv-desktop\Lib\site-packages\starlette\middleware\errors.py", line 186, in __call__
    raise exc
  File "D:\自媒体\漫画工作流\.venv-desktop\Lib\site-packages\starlette\middleware\errors.py", line 164, in __call__
    await self.app(scope, receive, _send)
  File "D:\自媒体\漫画工作流\.venv-desktop\Lib\site-packages\starlette\middleware\trustedhost.py", line 51, in __call__
    await self.app(scope, receive, send)
  File "D:\自媒体\漫画工作流\.venv-desktop\Lib\site-packages\starlette\middleware\cors.py", line 88, in __call__
    await self.app(scope, receive, send)
  File "D:\自媒体/漫画工作流/apps/api\app\request_limits.py", line 232, in __call__
    await self.app(scope, receive, send)
  File "D:\自媒体\漫画工作流\.venv-desktop\Lib\site-packages\starlette\middleware\exceptions.py", line 63, in __call__
    await wrap_app_handling_exceptions(self.app, conn)(scope, receive, send)
  File "D:\自媒体\漫画工作流\.venv-desktop\Lib\site-packages\starlette\_exception_handler.py", line 53, in wrapped_app
    raise exc
  File "D:\自媒体\漫画工作流\.venv-desktop\Lib\site-packages\starlette\_exception_handler.py", line 42, in wrapped_app
    await app(scope, receive, sender)
  File "D:\自媒体\漫画工作流\.venv-desktop\Lib\site-packages\fastapi\middleware\asyncexitstack.py", line 18, in __call__
    await self.app(scope, receive, send)
  File "D:\自媒体\漫画工作流\.venv-desktop\Lib\site-packages\starlette\routing.py", line 670, in __call__
    await self.middleware_stack(scope, receive, send)
  File "D:\自媒体\漫画工作流\.venv-desktop\Lib\site-packages\fastapi\routing.py", line 2683, in app
    await route.handle(scope, receive, send)
  File "D:\自媒体\漫画工作流\.venv-desktop\Lib\site-packages\fastapi\routing.py", line 1753, in handle
    await self.original_router.handle(scope, receive, send)
  File "D:\自媒体\漫画工作流\.venv-desktop\Lib\site-packages\fastapi\routing.py", line 2738, in handle
    await included_router._handle_selected(scope, receive, send)
  File "D:\自媒体\漫画工作流\.venv-desktop\Lib\site-packages\fastapi\routing.py", line 1764, in _handle_selected
    await route.handle(scope, receive, send)
  File "D:\自媒体\漫画工作流\.venv-desktop\Lib\site-packages\fastapi\routing.py", line 1753, in handle
    await self.original_router.handle(scope, receive, send)
  File "D:\自媒体\漫画工作流\.venv-desktop\Lib\site-packages\fastapi\routing.py", line 2738, in handle
    await included_router._handle_selected(scope, receive, send)
  File "D:\自媒体\漫画工作流\.venv-desktop\Lib\site-packages\fastapi\routing.py", line 1773, in _handle_selected
    await original_route.handle(scope, receive, send)
  File "D:\自媒体\漫画工作流\.venv-desktop\Lib\site-packages\fastapi\routing.py", line 1264, in handle
    await app(scope, receive, send)
  File "D:\自媒体\漫画工作流\.venv-desktop\Lib\site-packages\fastapi\routing.py", line 150, in app
    await wrap_app_handling_exceptions(app, request)(scope, receive, send)
  File "D:\自媒体\漫画工作流\.venv-desktop\Lib\site-packages\starlette\_exception_handler.py", line 53, in wrapped_app
    raise exc
  File "D:\自媒体\漫画工作流\.venv-desktop\Lib\site-packages\starlette\_exception_handler.py", line 42, in wrapped_app
    await app(scope, receive, sender)
  File "D:\自媒体\漫画工作流\.venv-desktop\Lib\site-packages\fastapi\routing.py", line 136, in app
    response = await f(request)
               ^^^^^^^^^^^^^^^^
  File "D:\自媒体\漫画工作流\.venv-desktop\Lib\site-packages\fastapi\routing.py", line 690, in app
    raw_response = await run_endpoint_function(
                   ^^^^^^^^^^^^^^^^^^^^^^^^^^^^
  File "D:\自媒体\漫画工作流\.venv-desktop\Lib\site-packages\fastapi\routing.py", line 346, in run_endpoint_function
    return await run_in_threadpool(dependant.call, **values)
           ^^^^^^^^^^^^^^^^^^^^^^^^^^^^^^^^^^^^^^^^^^^^^^^^^
  File "D:\自媒体\漫画工作流\.venv-desktop\Lib\site-packages\starlette\concurrency.py", line 34, in run_in_threadpool
    return await anyio.to_thread.run_sync(func)
           ^^^^^^^^^^^^^^^^^^^^^^^^^^^^^^^^^^^^
  File "D:\自媒体\漫画工作流\.venv-desktop\Lib\site-packages\anyio\to_thread.py", line 65, in run_sync
    return await get_async_backend().run_sync_in_worker_thread(
           ^^^^^^^^^^^^^^^^^^^^^^^^^^^^^^^^^^^^^^^^^^^^^^^^^^^^
  File "D:\自媒体\漫画工作流\.venv-desktop\Lib\site-packages\anyio\_backends\_asyncio.py", line 2706, in run_sync_in_worker_thread
    return await future
           ^^^^^^^^^^^^
  File "D:\自媒体\漫画工作流\.venv-desktop\Lib\site-packages\anyio\_backends\_asyncio.py", line 1100, in run
    result = context.run(func, *args)
             ^^^^^^^^^^^^^^^^^^^^^^^^
  File "D:\自媒体/漫画工作流/apps/api\app\api\routes\uploads.py", line 706, in asset_thumbnail
    asset = db.get(Asset, asset_id)
            ^^^^^^^^^^^^^^^^^^^^^^^
  File "D:\自媒体\漫画工作流\.venv-desktop\Lib\site-packages\sqlalchemy\orm\session.py", line 3702, in get
    return self._get_impl(
           ^^^^^^^^^^^^^^^
  File "D:\自媒体\漫画工作流\.venv-desktop\Lib\site-packages\sqlalchemy\orm\session.py", line 3881, in _get_impl
    return db_load_fn(
           ^^^^^^^^^^^
  File "D:\自媒体\漫画工作流\.venv-desktop\Lib\site-packages\sqlalchemy\orm\loading.py", line 695, in load_on_pk_identity
    session.execute(
  File "D:\自媒体\漫画工作流\.venv-desktop\Lib\site-packages\sqlalchemy\orm\session.py", line 2373, in execute
    return self._execute_internal(
           ^^^^^^^^^^^^^^^^^^^^^^^
  File "D:\自媒体\漫画工作流\.venv-desktop\Lib\site-packages\sqlalchemy\orm\session.py", line 2261, in _execute_internal
    conn = self._connection_for_bind(bind)
           ^^^^^^^^^^^^^^^^^^^^^^^^^^^^^^^
  File "D:\自媒体\漫画工作流\.venv-desktop\Lib\site-packages\sqlalchemy\orm\session.py", line 2113, in _connection_for_bind
    return trans._connection_for_bind(engine, execution_options)
           ^^^^^^^^^^^^^^^^^^^^^^^^^^^^^^^^^^^^^^^^^^^^^^^^^^^^^
  File "<string>", line 2, in _connection_for_bind
  File "D:\自媒体\漫画工作流\.venv-desktop\Lib\site-packages\sqlalchemy\orm\state_changes.py", line 137, in _go
    ret_value = fn(self, *arg, **kw)
                ^^^^^^^^^^^^^^^^^^^^
  File "D:\自媒体\漫画工作流\.venv-desktop\Lib\site-packages\sqlalchemy\orm\session.py", line 1191, in _connection_for_bind
    conn = bind.connect()
           ^^^^^^^^^^^^^^
  File "D:\自媒体\漫画工作流\.venv-desktop\Lib\site-packages\sqlalchemy\engine\base.py", line 3295, in connect
    return self._connection_cls(self)
           ^^^^^^^^^^^^^^^^^^^^^^^^^^
  File "D:\自媒体\漫画工作流\.venv-desktop\Lib\site-packages\sqlalchemy\engine\base.py", line 144, in __init__
    self._dbapi_connection = engine.raw_connection()
                             ^^^^^^^^^^^^^^^^^^^^^^^
  File "D:\自媒体\漫画工作流\.venv-desktop\Lib\site-packages\sqlalchemy\engine\base.py", line 3319, in raw_connection
    return self.pool.connect()
           ^^^^^^^^^^^^^^^^^^^
  File "D:\自媒体\漫画工作流\.venv-desktop\Lib\site-packages\sqlalchemy\pool\base.py", line 448, in connect
    return _ConnectionFairy._checkout(self)
           ^^^^^^^^^^^^^^^^^^^^^^^^^^^^^^^^
  File "D:\自媒体\漫画工作流\.venv-desktop\Lib\site-packages\sqlalchemy\pool\base.py", line 1272, in _checkout
    fairy = _ConnectionRecord.checkout(pool)
            ^^^^^^^^^^^^^^^^^^^^^^^^^^^^^^^^
  File "D:\自媒体\漫画工作流\.venv-desktop\Lib\site-packages\sqlalchemy\pool\base.py", line 712, in checkout
    rec = pool._do_get()
          ^^^^^^^^^^^^^^
  File "D:\自媒体\漫画工作流\.venv-desktop\Lib\site-packages\sqlalchemy\pool\impl.py", line 167, in _do_get
    raise exc.TimeoutError(
sqlalchemy.exc.TimeoutError: QueuePool limit of size 5 overflow 10 reached, connection timed out, timeout 30.00 (Background on this error at: https://sqlalche.me/e/20/3o7r)
ERROR:    Exception in ASGI application
Traceback (most recent call last):
  File "D:\自媒体\漫画工作流\.venv-desktop\Lib\site-packages\uvicorn\protocols\http\httptools_impl.py", line 422, in run_asgi
    result = await app(  # type: ignore[func-returns-value]
             ^^^^^^^^^^^^^^^^^^^^^^^^^^^^^^^^^^^^^^^^^^^^^^
  File "D:\自媒体\漫画工作流\.venv-desktop\Lib\site-packages\uvicorn\middleware\proxy_headers.py", line 63, in __call__
    return await self.app(scope, receive, send)
           ^^^^^^^^^^^^^^^^^^^^^^^^^^^^^^^^^^^^
  File "D:\自媒体\漫画工作流\.venv-desktop\Lib\site-packages\fastapi\applications.py", line 1163, in __call__
    await super().__call__(scope, receive, send)
  File "D:\自媒体\漫画工作流\.venv-desktop\Lib\site-packages\starlette\applications.py", line 96, in __call__
    await self.middleware_stack(scope, receive, send)
  File "D:\自媒体\漫画工作流\.venv-desktop\Lib\site-packages\starlette\middleware\errors.py", line 186, in __call__
    raise exc
  File "D:\自媒体\漫画工作流\.venv-desktop\Lib\site-packages\starlette\middleware\errors.py", line 164, in __call__
    await self.app(scope, receive, _send)
  File "D:\自媒体\漫画工作流\.venv-desktop\Lib\site-packages\starlette\middleware\trustedhost.py", line 51, in __call__
    await self.app(scope, receive, send)
  File "D:\自媒体\漫画工作流\.venv-desktop\Lib\site-packages\starlette\middleware\cors.py", line 88, in __call__
    await self.app(scope, receive, send)
  File "D:\自媒体/漫画工作流/apps/api\app\request_limits.py", line 232, in __call__
    await self.app(scope, receive, send)
  File "D:\自媒体\漫画工作流\.venv-desktop\Lib\site-packages\starlette\middleware\exceptions.py", line 63, in __call__
    await wrap_app_handling_exceptions(self.app, conn)(scope, receive, send)
  File "D:\自媒体\漫画工作流\.venv-desktop\Lib\site-packages\starlette\_exception_handler.py", line 53, in wrapped_app
    raise exc
  File "D:\自媒体\漫画工作流\.venv-desktop\Lib\site-packages\starlette\_exception_handler.py", line 42, in wrapped_app
    await app(scope, receive, sender)
  File "D:\自媒体\漫画工作流\.venv-desktop\Lib\site-packages\fastapi\middleware\asyncexitstack.py", line 18, in __call__
    await self.app(scope, receive, send)
  File "D:\自媒体\漫画工作流\.venv-desktop\Lib\site-packages\starlette\routing.py", line 670, in __call__
    await self.middleware_stack(scope, receive, send)
  File "D:\自媒体\漫画工作流\.venv-desktop\Lib\site-packages\fastapi\routing.py", line 2683, in app
    await route.handle(scope, receive, send)
  File "D:\自媒体\漫画工作流\.venv-desktop\Lib\site-packages\fastapi\routing.py", line 1753, in handle
    await self.original_router.handle(scope, receive, send)
  File "D:\自媒体\漫画工作流\.venv-desktop\Lib\site-packages\fastapi\routing.py", line 2738, in handle
    await included_router._handle_selected(scope, receive, send)
  File "D:\自媒体\漫画工作流\.venv-desktop\Lib\site-packages\fastapi\routing.py", line 1764, in _handle_selected
    await route.handle(scope, receive, send)
  File "D:\自媒体\漫画工作流\.venv-desktop\Lib\site-packages\fastapi\routing.py", line 1753, in handle
    await self.original_router.handle(scope, receive, send)
  File "D:\自媒体\漫画工作流\.venv-desktop\Lib\site-packages\fastapi\routing.py", line 2738, in handle
    await included_router._handle_selected(scope, receive, send)
  File "D:\自媒体\漫画工作流\.venv-desktop\Lib\site-packages\fastapi\routing.py", line 1773, in _handle_selected
    await original_route.handle(scope, receive, send)
  File "D:\自媒体\漫画工作流\.venv-desktop\Lib\site-packages\fastapi\routing.py", line 1264, in handle
    await app(scope, receive, send)
  File "D:\自媒体\漫画工作流\.venv-desktop\Lib\site-packages\fastapi\routing.py", line 150, in app
    await wrap_app_handling_exceptions(app, request)(scope, receive, send)
  File "D:\自媒体\漫画工作流\.venv-desktop\Lib\site-packages\starlette\_exception_handler.py", line 53, in wrapped_app
    raise exc
  File "D:\自媒体\漫画工作流\.venv-desktop\Lib\site-packages\starlette\_exception_handler.py", line 42, in wrapped_app
    await app(scope, receive, sender)
  File "D:\自媒体\漫画工作流\.venv-desktop\Lib\site-packages\fastapi\routing.py", line 136, in app
    response = await f(request)
               ^^^^^^^^^^^^^^^^
  File "D:\自媒体\漫画工作流\.venv-desktop\Lib\site-packages\fastapi\routing.py", line 690, in app
    raw_response = await run_endpoint_function(
                   ^^^^^^^^^^^^^^^^^^^^^^^^^^^^
  File "D:\自媒体\漫画工作流\.venv-desktop\Lib\site-packages\fastapi\routing.py", line 346, in run_endpoint_function
    return await run_in_threadpool(dependant.call, **values)
           ^^^^^^^^^^^^^^^^^^^^^^^^^^^^^^^^^^^^^^^^^^^^^^^^^
  File "D:\自媒体\漫画工作流\.venv-desktop\Lib\site-packages\starlette\concurrency.py", line 34, in run_in_threadpool
    return await anyio.to_thread.run_sync(func)
           ^^^^^^^^^^^^^^^^^^^^^^^^^^^^^^^^^^^^
  File "D:\自媒体\漫画工作流\.venv-desktop\Lib\site-packages\anyio\to_thread.py", line 65, in run_sync
    return await get_async_backend().run_sync_in_worker_thread(
           ^^^^^^^^^^^^^^^^^^^^^^^^^^^^^^^^^^^^^^^^^^^^^^^^^^^^
  File "D:\自媒体\漫画工作流\.venv-desktop\Lib\site-packages\anyio\_backends\_asyncio.py", line 2706, in run_sync_in_worker_thread
    return await future
           ^^^^^^^^^^^^
  File "D:\自媒体\漫画工作流\.venv-desktop\Lib\site-packages\anyio\_backends\_asyncio.py", line 1100, in run
    result = context.run(func, *args)
             ^^^^^^^^^^^^^^^^^^^^^^^^
  File "D:\自媒体/漫画工作流/apps/api\app\api\routes\uploads.py", line 706, in asset_thumbnail
    asset = db.get(Asset, asset_id)
            ^^^^^^^^^^^^^^^^^^^^^^^
  File "D:\自媒体\漫画工作流\.venv-desktop\Lib\site-packages\sqlalchemy\orm\session.py", line 3702, in get
    return self._get_impl(
           ^^^^^^^^^^^^^^^
  File "D:\自媒体\漫画工作流\.venv-desktop\Lib\site-packages\sqlalchemy\orm\session.py", line 3881, in _get_impl
    return db_load_fn(
           ^^^^^^^^^^^
  File "D:\自媒体\漫画工作流\.venv-desktop\Lib\site-packages\sqlalchemy\orm\loading.py", line 695, in load_on_pk_identity
    session.execute(
  File "D:\自媒体\漫画工作流\.venv-desktop\Lib\site-packages\sqlalchemy\orm\session.py", line 2373, in execute
    return self._execute_internal(
           ^^^^^^^^^^^^^^^^^^^^^^^
  File "D:\自媒体\漫画工作流\.venv-desktop\Lib\site-packages\sqlalchemy\orm\session.py", line 2261, in _execute_internal
    conn = self._connection_for_bind(bind)
           ^^^^^^^^^^^^^^^^^^^^^^^^^^^^^^^
  File "D:\自媒体\漫画工作流\.venv-desktop\Lib\site-packages\sqlalchemy\orm\session.py", line 2113, in _connection_for_bind
    return trans._connection_for_bind(engine, execution_options)
           ^^^^^^^^^^^^^^^^^^^^^^^^^^^^^^^^^^^^^^^^^^^^^^^^^^^^^
  File "<string>", line 2, in _connection_for_bind
  File "D:\自媒体\漫画工作流\.venv-desktop\Lib\site-packages\sqlalchemy\orm\state_changes.py", line 137, in _go
    ret_value = fn(self, *arg, **kw)
                ^^^^^^^^^^^^^^^^^^^^
  File "D:\自媒体\漫画工作流\.venv-desktop\Lib\site-packages\sqlalchemy\orm\session.py", line 1191, in _connection_for_bind
    conn = bind.connect()
           ^^^^^^^^^^^^^^
  File "D:\自媒体\漫画工作流\.venv-desktop\Lib\site-packages\sqlalchemy\engine\base.py", line 3295, in connect
    return self._connection_cls(self)
           ^^^^^^^^^^^^^^^^^^^^^^^^^^
  File "D:\自媒体\漫画工作流\.venv-desktop\Lib\site-packages\sqlalchemy\engine\base.py", line 144, in __init__
    self._dbapi_connection = engine.raw_connection()
                             ^^^^^^^^^^^^^^^^^^^^^^^
  File "D:\自媒体\漫画工作流\.venv-desktop\Lib\site-packages\sqlalchemy\engine\base.py", line 3319, in raw_connection
    return self.pool.connect()
           ^^^^^^^^^^^^^^^^^^^
  File "D:\自媒体\漫画工作流\.venv-desktop\Lib\site-packages\sqlalchemy\pool\base.py", line 448, in connect
    return _ConnectionFairy._checkout(self)
           ^^^^^^^^^^^^^^^^^^^^^^^^^^^^^^^^
  File "D:\自媒体\漫画工作流\.venv-desktop\Lib\site-packages\sqlalchemy\pool\base.py", line 1272, in _checkout
    fairy = _ConnectionRecord.checkout(pool)
            ^^^^^^^^^^^^^^^^^^^^^^^^^^^^^^^^
  File "D:\自媒体\漫画工作流\.venv-desktop\Lib\site-packages\sqlalchemy\pool\base.py", line 712, in checkout
    rec = pool._do_get()
          ^^^^^^^^^^^^^^
  File "D:\自媒体\漫画工作流\.venv-desktop\Lib\site-packages\sqlalchemy\pool\impl.py", line 167, in _do_get
    raise exc.TimeoutError(
sqlalchemy.exc.TimeoutError: QueuePool limit of size 5 overflow 10 reached, connection timed out, timeout 30.00 (Background on this error at: https://sqlalche.me/e/20/3o7r)
ERROR:    Exception in ASGI application
Traceback (most recent call last):
  File "D:\自媒体\漫画工作流\.venv-desktop\Lib\site-packages\uvicorn\protocols\http\httptools_impl.py", line 422, in run_asgi
    result = await app(  # type: ignore[func-returns-value]
             ^^^^^^^^^^^^^^^^^^^^^^^^^^^^^^^^^^^^^^^^^^^^^^
  File "D:\自媒体\漫画工作流\.venv-desktop\Lib\site-packages\uvicorn\middleware\proxy_headers.py", line 63, in __call__
    return await self.app(scope, receive, send)
           ^^^^^^^^^^^^^^^^^^^^^^^^^^^^^^^^^^^^
  File "D:\自媒体\漫画工作流\.venv-desktop\Lib\site-packages\fastapi\applications.py", line 1163, in __call__
    await super().__call__(scope, receive, send)
  File "D:\自媒体\漫画工作流\.venv-desktop\Lib\site-packages\starlette\applications.py", line 96, in __call__
    await self.middleware_stack(scope, receive, send)
  File "D:\自媒体\漫画工作流\.venv-desktop\Lib\site-packages\starlette\middleware\errors.py", line 186, in __call__
    raise exc
  File "D:\自媒体\漫画工作流\.venv-desktop\Lib\site-packages\starlette\middleware\errors.py", line 164, in __call__
    await self.app(scope, receive, _send)
  File "D:\自媒体\漫画工作流\.venv-desktop\Lib\site-packages\starlette\middleware\trustedhost.py", line 51, in __call__
    await self.app(scope, receive, send)
  File "D:\自媒体\漫画工作流\.venv-desktop\Lib\site-packages\starlette\middleware\cors.py", line 88, in __call__
    await self.app(scope, receive, send)
  File "D:\自媒体/漫画工作流/apps/api\app\request_limits.py", line 232, in __call__
    await self.app(scope, receive, send)
  File "D:\自媒体\漫画工作流\.venv-desktop\Lib\site-packages\starlette\middleware\exceptions.py", line 63, in __call__
    await wrap_app_handling_exceptions(self.app, conn)(scope, receive, send)
  File "D:\自媒体\漫画工作流\.venv-desktop\Lib\site-packages\starlette\_exception_handler.py", line 53, in wrapped_app
    raise exc
  File "D:\自媒体\漫画工作流\.venv-desktop\Lib\site-packages\starlette\_exception_handler.py", line 42, in wrapped_app
    await app(scope, receive, sender)
  File "D:\自媒体\漫画工作流\.venv-desktop\Lib\site-packages\fastapi\middleware\asyncexitstack.py", line 18, in __call__
    await self.app(scope, receive, send)
  File "D:\自媒体\漫画工作流\.venv-desktop\Lib\site-packages\starlette\routing.py", line 670, in __call__
    await self.middleware_stack(scope, receive, send)
  File "D:\自媒体\漫画工作流\.venv-desktop\Lib\site-packages\fastapi\routing.py", line 2683, in app
    await route.handle(scope, receive, send)
  File "D:\自媒体\漫画工作流\.venv-desktop\Lib\site-packages\fastapi\routing.py", line 1753, in handle
    await self.original_router.handle(scope, receive, send)
  File "D:\自媒体\漫画工作流\.venv-desktop\Lib\site-packages\fastapi\routing.py", line 2738, in handle
    await included_router._handle_selected(scope, receive, send)
  File "D:\自媒体\漫画工作流\.venv-desktop\Lib\site-packages\fastapi\routing.py", line 1764, in _handle_selected
    await route.handle(scope, receive, send)
  File "D:\自媒体\漫画工作流\.venv-desktop\Lib\site-packages\fastapi\routing.py", line 1753, in handle
    await self.original_router.handle(scope, receive, send)
  File "D:\自媒体\漫画工作流\.venv-desktop\Lib\site-packages\fastapi\routing.py", line 2738, in handle
    await included_router._handle_selected(scope, receive, send)
  File "D:\自媒体\漫画工作流\.venv-desktop\Lib\site-packages\fastapi\routing.py", line 1773, in _handle_selected
    await original_route.handle(scope, receive, send)
  File "D:\自媒体\漫画工作流\.venv-desktop\Lib\site-packages\fastapi\routing.py", line 1264, in handle
    await app(scope, receive, send)
  File "D:\自媒体\漫画工作流\.venv-desktop\Lib\site-packages\fastapi\routing.py", line 150, in app
    await wrap_app_handling_exceptions(app, request)(scope, receive, send)
  File "D:\自媒体\漫画工作流\.venv-desktop\Lib\site-packages\starlette\_exception_handler.py", line 53, in wrapped_app
    raise exc
  File "D:\自媒体\漫画工作流\.venv-desktop\Lib\site-packages\starlette\_exception_handler.py", line 42, in wrapped_app
    await app(scope, receive, sender)
  File "D:\自媒体\漫画工作流\.venv-desktop\Lib\site-packages\fastapi\routing.py", line 136, in app
    response = await f(request)
               ^^^^^^^^^^^^^^^^
  File "D:\自媒体\漫画工作流\.venv-desktop\Lib\site-packages\fastapi\routing.py", line 690, in app
    raw_response = await run_endpoint_function(
                   ^^^^^^^^^^^^^^^^^^^^^^^^^^^^
  File "D:\自媒体\漫画工作流\.venv-desktop\Lib\site-packages\fastapi\routing.py", line 346, in run_endpoint_function
    return await run_in_threadpool(dependant.call, **values)
           ^^^^^^^^^^^^^^^^^^^^^^^^^^^^^^^^^^^^^^^^^^^^^^^^^
  File "D:\自媒体\漫画工作流\.venv-desktop\Lib\site-packages\starlette\concurrency.py", line 34, in run_in_threadpool
    return await anyio.to_thread.run_sync(func)
           ^^^^^^^^^^^^^^^^^^^^^^^^^^^^^^^^^^^^
  File "D:\自媒体\漫画工作流\.venv-desktop\Lib\site-packages\anyio\to_thread.py", line 65, in run_sync
    return await get_async_backend().run_sync_in_worker_thread(
           ^^^^^^^^^^^^^^^^^^^^^^^^^^^^^^^^^^^^^^^^^^^^^^^^^^^^
  File "D:\自媒体\漫画工作流\.venv-desktop\Lib\site-packages\anyio\_backends\_asyncio.py", line 2706, in run_sync_in_worker_thread
    return await future
           ^^^^^^^^^^^^
  File "D:\自媒体\漫画工作流\.venv-desktop\Lib\site-packages\anyio\_backends\_asyncio.py", line 1100, in run
    result = context.run(func, *args)
             ^^^^^^^^^^^^^^^^^^^^^^^^
  File "D:\自媒体/漫画工作流/apps/api\app\api\routes\uploads.py", line 706, in asset_thumbnail
    asset = db.get(Asset, asset_id)
            ^^^^^^^^^^^^^^^^^^^^^^^
  File "D:\自媒体\漫画工作流\.venv-desktop\Lib\site-packages\sqlalchemy\orm\session.py", line 3702, in get
    return self._get_impl(
           ^^^^^^^^^^^^^^^
  File "D:\自媒体\漫画工作流\.venv-desktop\Lib\site-packages\sqlalchemy\orm\session.py", line 3881, in _get_impl
    return db_load_fn(
           ^^^^^^^^^^^
  File "D:\自媒体\漫画工作流\.venv-desktop\Lib\site-packages\sqlalchemy\orm\loading.py", line 695, in load_on_pk_identity
    session.execute(
  File "D:\自媒体\漫画工作流\.venv-desktop\Lib\site-packages\sqlalchemy\orm\session.py", line 2373, in execute
    return self._execute_internal(
           ^^^^^^^^^^^^^^^^^^^^^^^
  File "D:\自媒体\漫画工作流\.venv-desktop\Lib\site-packages\sqlalchemy\orm\session.py", line 2261, in _execute_internal
    conn = self._connection_for_bind(bind)
           ^^^^^^^^^^^^^^^^^^^^^^^^^^^^^^^
  File "D:\自媒体\漫画工作流\.venv-desktop\Lib\site-packages\sqlalchemy\orm\session.py", line 2113, in _connection_for_bind
    return trans._connection_for_bind(engine, execution_options)
           ^^^^^^^^^^^^^^^^^^^^^^^^^^^^^^^^^^^^^^^^^^^^^^^^^^^^^
  File "<string>", line 2, in _connection_for_bind
  File "D:\自媒体\漫画工作流\.venv-desktop\Lib\site-packages\sqlalchemy\orm\state_changes.py", line 137, in _go
    ret_value = fn(self, *arg, **kw)
                ^^^^^^^^^^^^^^^^^^^^
  File "D:\自媒体\漫画工作流\.venv-desktop\Lib\site-packages\sqlalchemy\orm\session.py", line 1191, in _connection_for_bind
    conn = bind.connect()
           ^^^^^^^^^^^^^^
  File "D:\自媒体\漫画工作流\.venv-desktop\Lib\site-packages\sqlalchemy\engine\base.py", line 3295, in connect
    return self._connection_cls(self)
           ^^^^^^^^^^^^^^^^^^^^^^^^^^
  File "D:\自媒体\漫画工作流\.venv-desktop\Lib\site-packages\sqlalchemy\engine\base.py", line 144, in __init__
    self._dbapi_connection = engine.raw_connection()
                             ^^^^^^^^^^^^^^^^^^^^^^^
  File "D:\自媒体\漫画工作流\.venv-desktop\Lib\site-packages\sqlalchemy\engine\base.py", line 3319, in raw_connection
    return self.pool.connect()
           ^^^^^^^^^^^^^^^^^^^
  File "D:\自媒体\漫画工作流\.venv-desktop\Lib\site-packages\sqlalchemy\pool\base.py", line 448, in connect
    return _ConnectionFairy._checkout(self)
           ^^^^^^^^^^^^^^^^^^^^^^^^^^^^^^^^
  File "D:\自媒体\漫画工作流\.venv-desktop\Lib\site-packages\sqlalchemy\pool\base.py", line 1272, in _checkout
    fairy = _ConnectionRecord.checkout(pool)
            ^^^^^^^^^^^^^^^^^^^^^^^^^^^^^^^^
  File "D:\自媒体\漫画工作流\.venv-desktop\Lib\site-packages\sqlalchemy\pool\base.py", line 712, in checkout
    rec = pool._do_get()
          ^^^^^^^^^^^^^^
  File "D:\自媒体\漫画工作流\.venv-desktop\Lib\site-packages\sqlalchemy\pool\impl.py", line 167, in _do_get
    raise exc.TimeoutError(
sqlalchemy.exc.TimeoutError: QueuePool limit of size 5 overflow 10 reached, connection timed out, timeout 30.00 (Background on this error at: https://sqlalche.me/e/20/3o7r)
ERROR:    Exception in ASGI application
Traceback (most recent call last):
  File "D:\自媒体\漫画工作流\.venv-desktop\Lib\site-packages\uvicorn\protocols\http\httptools_impl.py", line 422, in run_asgi
    result = await app(  # type: ignore[func-returns-value]
             ^^^^^^^^^^^^^^^^^^^^^^^^^^^^^^^^^^^^^^^^^^^^^^
  File "D:\自媒体\漫画工作流\.venv-desktop\Lib\site-packages\uvicorn\middleware\proxy_headers.py", line 63, in __call__
    return await self.app(scope, receive, send)
           ^^^^^^^^^^^^^^^^^^^^^^^^^^^^^^^^^^^^
  File "D:\自媒体\漫画工作流\.venv-desktop\Lib\site-packages\fastapi\applications.py", line 1163, in __call__
    await super().__call__(scope, receive, send)
  File "D:\自媒体\漫画工作流\.venv-desktop\Lib\site-packages\starlette\applications.py", line 96, in __call__
    await self.middleware_stack(scope, receive, send)
  File "D:\自媒体\漫画工作流\.venv-desktop\Lib\site-packages\starlette\middleware\errors.py", line 186, in __call__
    raise exc
  File "D:\自媒体\漫画工作流\.venv-desktop\Lib\site-packages\starlette\middleware\errors.py", line 164, in __call__
    await self.app(scope, receive, _send)
  File "D:\自媒体\漫画工作流\.venv-desktop\Lib\site-packages\starlette\middleware\trustedhost.py", line 51, in __call__
    await self.app(scope, receive, send)
  File "D:\自媒体\漫画工作流\.venv-desktop\Lib\site-packages\starlette\middleware\cors.py", line 88, in __call__
    await self.app(scope, receive, send)
  File "D:\自媒体/漫画工作流/apps/api\app\request_limits.py", line 232, in __call__
    await self.app(scope, receive, send)
  File "D:\自媒体\漫画工作流\.venv-desktop\Lib\site-packages\starlette\middleware\exceptions.py", line 63, in __call__
    await wrap_app_handling_exceptions(self.app, conn)(scope, receive, send)
  File "D:\自媒体\漫画工作流\.venv-desktop\Lib\site-packages\starlette\_exception_handler.py", line 53, in wrapped_app
    raise exc
  File "D:\自媒体\漫画工作流\.venv-desktop\Lib\site-packages\starlette\_exception_handler.py", line 42, in wrapped_app
    await app(scope, receive, sender)
  File "D:\自媒体\漫画工作流\.venv-desktop\Lib\site-packages\fastapi\middleware\asyncexitstack.py", line 18, in __call__
    await self.app(scope, receive, send)
  File "D:\自媒体\漫画工作流\.venv-desktop\Lib\site-packages\starlette\routing.py", line 670, in __call__
    await self.middleware_stack(scope, receive, send)
  File "D:\自媒体\漫画工作流\.venv-desktop\Lib\site-packages\fastapi\routing.py", line 2683, in app
    await route.handle(scope, receive, send)
  File "D:\自媒体\漫画工作流\.venv-desktop\Lib\site-packages\fastapi\routing.py", line 1753, in handle
    await self.original_router.handle(scope, receive, send)
  File "D:\自媒体\漫画工作流\.venv-desktop\Lib\site-packages\fastapi\routing.py", line 2738, in handle
    await included_router._handle_selected(scope, receive, send)
  File "D:\自媒体\漫画工作流\.venv-desktop\Lib\site-packages\fastapi\routing.py", line 1764, in _handle_selected
    await route.handle(scope, receive, send)
  File "D:\自媒体\漫画工作流\.venv-desktop\Lib\site-packages\fastapi\routing.py", line 1753, in handle
    await self.original_router.handle(scope, receive, send)
  File "D:\自媒体\漫画工作流\.venv-desktop\Lib\site-packages\fastapi\routing.py", line 2738, in handle
    await included_router._handle_selected(scope, receive, send)
  File "D:\自媒体\漫画工作流\.venv-desktop\Lib\site-packages\fastapi\routing.py", line 1773, in _handle_selected
    await original_route.handle(scope, receive, send)
  File "D:\自媒体\漫画工作流\.venv-desktop\Lib\site-packages\fastapi\routing.py", line 1264, in handle
    await app(scope, receive, send)
  File "D:\自媒体\漫画工作流\.venv-desktop\Lib\site-packages\fastapi\routing.py", line 150, in app
    await wrap_app_handling_exceptions(app, request)(scope, receive, send)
  File "D:\自媒体\漫画工作流\.venv-desktop\Lib\site-packages\starlette\_exception_handler.py", line 53, in wrapped_app
    raise exc
  File "D:\自媒体\漫画工作流\.venv-desktop\Lib\site-packages\starlette\_exception_handler.py", line 42, in wrapped_app
    await app(scope, receive, sender)
  File "D:\自媒体\漫画工作流\.venv-desktop\Lib\site-packages\fastapi\routing.py", line 136, in app
    response = await f(request)
               ^^^^^^^^^^^^^^^^
  File "D:\自媒体\漫画工作流\.venv-desktop\Lib\site-packages\fastapi\routing.py", line 690, in app
    raw_response = await run_endpoint_function(
                   ^^^^^^^^^^^^^^^^^^^^^^^^^^^^
  File "D:\自媒体\漫画工作流\.venv-desktop\Lib\site-packages\fastapi\routing.py", line 346, in run_endpoint_function
    return await run_in_threadpool(dependant.call, **values)
           ^^^^^^^^^^^^^^^^^^^^^^^^^^^^^^^^^^^^^^^^^^^^^^^^^
  File "D:\自媒体\漫画工作流\.venv-desktop\Lib\site-packages\starlette\concurrency.py", line 34, in run_in_threadpool
    return await anyio.to_thread.run_sync(func)
           ^^^^^^^^^^^^^^^^^^^^^^^^^^^^^^^^^^^^
  File "D:\自媒体\漫画工作流\.venv-desktop\Lib\site-packages\anyio\to_thread.py", line 65, in run_sync
    return await get_async_backend().run_sync_in_worker_thread(
           ^^^^^^^^^^^^^^^^^^^^^^^^^^^^^^^^^^^^^^^^^^^^^^^^^^^^
  File "D:\自媒体\漫画工作流\.venv-desktop\Lib\site-packages\anyio\_backends\_asyncio.py", line 2706, in run_sync_in_worker_thread
    return await future
           ^^^^^^^^^^^^
  File "D:\自媒体\漫画工作流\.venv-desktop\Lib\site-packages\anyio\_backends\_asyncio.py", line 1100, in run
    result = context.run(func, *args)
             ^^^^^^^^^^^^^^^^^^^^^^^^
  File "D:\自媒体/漫画工作流/apps/api\app\api\routes\uploads.py", line 706, in asset_thumbnail
    asset = db.get(Asset, asset_id)
            ^^^^^^^^^^^^^^^^^^^^^^^
  File "D:\自媒体\漫画工作流\.venv-desktop\Lib\site-packages\sqlalchemy\orm\session.py", line 3702, in get
    return self._get_impl(
           ^^^^^^^^^^^^^^^
  File "D:\自媒体\漫画工作流\.venv-desktop\Lib\site-packages\sqlalchemy\orm\session.py", line 3881, in _get_impl
    return db_load_fn(
           ^^^^^^^^^^^
  File "D:\自媒体\漫画工作流\.venv-desktop\Lib\site-packages\sqlalchemy\orm\loading.py", line 695, in load_on_pk_identity
    session.execute(
  File "D:\自媒体\漫画工作流\.venv-desktop\Lib\site-packages\sqlalchemy\orm\session.py", line 2373, in execute
    return self._execute_internal(
           ^^^^^^^^^^^^^^^^^^^^^^^
  File "D:\自媒体\漫画工作流\.venv-desktop\Lib\site-packages\sqlalchemy\orm\session.py", line 2261, in _execute_internal
    conn = self._connection_for_bind(bind)
           ^^^^^^^^^^^^^^^^^^^^^^^^^^^^^^^
  File "D:\自媒体\漫画工作流\.venv-desktop\Lib\site-packages\sqlalchemy\orm\session.py", line 2113, in _connection_for_bind
    return trans._connection_for_bind(engine, execution_options)
           ^^^^^^^^^^^^^^^^^^^^^^^^^^^^^^^^^^^^^^^^^^^^^^^^^^^^^
  File "<string>", line 2, in _connection_for_bind
  File "D:\自媒体\漫画工作流\.venv-desktop\Lib\site-packages\sqlalchemy\orm\state_changes.py", line 137, in _go
    ret_value = fn(self, *arg, **kw)
                ^^^^^^^^^^^^^^^^^^^^
  File "D:\自媒体\漫画工作流\.venv-desktop\Lib\site-packages\sqlalchemy\orm\session.py", line 1191, in _connection_for_bind
    conn = bind.connect()
           ^^^^^^^^^^^^^^
  File "D:\自媒体\漫画工作流\.venv-desktop\Lib\site-packages\sqlalchemy\engine\base.py", line 3295, in connect
    return self._connection_cls(self)
           ^^^^^^^^^^^^^^^^^^^^^^^^^^
  File "D:\自媒体\漫画工作流\.venv-desktop\Lib\site-packages\sqlalchemy\engine\base.py", line 144, in __init__
    self._dbapi_connection = engine.raw_connection()
                             ^^^^^^^^^^^^^^^^^^^^^^^
  File "D:\自媒体\漫画工作流\.venv-desktop\Lib\site-packages\sqlalchemy\engine\base.py", line 3319, in raw_connection
    return self.pool.connect()
           ^^^^^^^^^^^^^^^^^^^
  File "D:\自媒体\漫画工作流\.venv-desktop\Lib\site-packages\sqlalchemy\pool\base.py", line 448, in connect
    return _ConnectionFairy._checkout(self)
           ^^^^^^^^^^^^^^^^^^^^^^^^^^^^^^^^
  File "D:\自媒体\漫画工作流\.venv-desktop\Lib\site-packages\sqlalchemy\pool\base.py", line 1272, in _checkout
    fairy = _ConnectionRecord.checkout(pool)
            ^^^^^^^^^^^^^^^^^^^^^^^^^^^^^^^^
  File "D:\自媒体\漫画工作流\.venv-desktop\Lib\site-packages\sqlalchemy\pool\base.py", line 712, in checkout
    rec = pool._do_get()
          ^^^^^^^^^^^^^^
  File "D:\自媒体\漫画工作流\.venv-desktop\Lib\site-packages\sqlalchemy\pool\impl.py", line 167, in _do_get
    raise exc.TimeoutError(
sqlalchemy.exc.TimeoutError: QueuePool limit of size 5 overflow 10 reached, connection timed out, timeout 30.00 (Background on this error at: https://sqlalche.me/e/20/3o7r)
ERROR:    Exception in ASGI application
Traceback (most recent call last):
  File "D:\自媒体\漫画工作流\.venv-desktop\Lib\site-packages\uvicorn\protocols\http\httptools_impl.py", line 422, in run_asgi
    result = await app(  # type: ignore[func-returns-value]
             ^^^^^^^^^^^^^^^^^^^^^^^^^^^^^^^^^^^^^^^^^^^^^^
  File "D:\自媒体\漫画工作流\.venv-desktop\Lib\site-packages\uvicorn\middleware\proxy_headers.py", line 63, in __call__
    return await self.app(scope, receive, send)
           ^^^^^^^^^^^^^^^^^^^^^^^^^^^^^^^^^^^^
  File "D:\自媒体\漫画工作流\.venv-desktop\Lib\site-packages\fastapi\applications.py", line 1163, in __call__
    await super().__call__(scope, receive, send)
  File "D:\自媒体\漫画工作流\.venv-desktop\Lib\site-packages\starlette\applications.py", line 96, in __call__
    await self.middleware_stack(scope, receive, send)
  File "D:\自媒体\漫画工作流\.venv-desktop\Lib\site-packages\starlette\middleware\errors.py", line 186, in __call__
    raise exc
  File "D:\自媒体\漫画工作流\.venv-desktop\Lib\site-packages\starlette\middleware\errors.py", line 164, in __call__
    await self.app(scope, receive, _send)
  File "D:\自媒体\漫画工作流\.venv-desktop\Lib\site-packages\starlette\middleware\trustedhost.py", line 51, in __call__
    await self.app(scope, receive, send)
  File "D:\自媒体\漫画工作流\.venv-desktop\Lib\site-packages\starlette\middleware\cors.py", line 88, in __call__
    await self.app(scope, receive, send)
  File "D:\自媒体/漫画工作流/apps/api\app\request_limits.py", line 232, in __call__
    await self.app(scope, receive, send)
  File "D:\自媒体\漫画工作流\.venv-desktop\Lib\site-packages\starlette\middleware\exceptions.py", line 63, in __call__
    await wrap_app_handling_exceptions(self.app, conn)(scope, receive, send)
  File "D:\自媒体\漫画工作流\.venv-desktop\Lib\site-packages\starlette\_exception_handler.py", line 53, in wrapped_app
    raise exc
  File "D:\自媒体\漫画工作流\.venv-desktop\Lib\site-packages\starlette\_exception_handler.py", line 42, in wrapped_app
    await app(scope, receive, sender)
  File "D:\自媒体\漫画工作流\.venv-desktop\Lib\site-packages\fastapi\middleware\asyncexitstack.py", line 18, in __call__
    await self.app(scope, receive, send)
  File "D:\自媒体\漫画工作流\.venv-desktop\Lib\site-packages\starlette\routing.py", line 670, in __call__
    await self.middleware_stack(scope, receive, send)
  File "D:\自媒体\漫画工作流\.venv-desktop\Lib\site-packages\fastapi\routing.py", line 2683, in app
    await route.handle(scope, receive, send)
  File "D:\自媒体\漫画工作流\.venv-desktop\Lib\site-packages\fastapi\routing.py", line 1753, in handle
    await self.original_router.handle(scope, receive, send)
  File "D:\自媒体\漫画工作流\.venv-desktop\Lib\site-packages\fastapi\routing.py", line 2738, in handle
    await included_router._handle_selected(scope, receive, send)
  File "D:\自媒体\漫画工作流\.venv-desktop\Lib\site-packages\fastapi\routing.py", line 1764, in _handle_selected
    await route.handle(scope, receive, send)
  File "D:\自媒体\漫画工作流\.venv-desktop\Lib\site-packages\fastapi\routing.py", line 1753, in handle
    await self.original_router.handle(scope, receive, send)
  File "D:\自媒体\漫画工作流\.venv-desktop\Lib\site-packages\fastapi\routing.py", line 2738, in handle
    await included_router._handle_selected(scope, receive, send)
  File "D:\自媒体\漫画工作流\.venv-desktop\Lib\site-packages\fastapi\routing.py", line 1773, in _handle_selected
    await original_route.handle(scope, receive, send)
  File "D:\自媒体\漫画工作流\.venv-desktop\Lib\site-packages\fastapi\routing.py", line 1264, in handle
    await app(scope, receive, send)
  File "D:\自媒体\漫画工作流\.venv-desktop\Lib\site-packages\fastapi\routing.py", line 150, in app
    await wrap_app_handling_exceptions(app, request)(scope, receive, send)
  File "D:\自媒体\漫画工作流\.venv-desktop\Lib\site-packages\starlette\_exception_handler.py", line 53, in wrapped_app
    raise exc
  File "D:\自媒体\漫画工作流\.venv-desktop\Lib\site-packages\starlette\_exception_handler.py", line 42, in wrapped_app
    await app(scope, receive, sender)
  File "D:\自媒体\漫画工作流\.venv-desktop\Lib\site-packages\fastapi\routing.py", line 136, in app
    response = await f(request)
               ^^^^^^^^^^^^^^^^
  File "D:\自媒体\漫画工作流\.venv-desktop\Lib\site-packages\fastapi\routing.py", line 690, in app
    raw_response = await run_endpoint_function(
                   ^^^^^^^^^^^^^^^^^^^^^^^^^^^^
  File "D:\自媒体\漫画工作流\.venv-desktop\Lib\site-packages\fastapi\routing.py", line 346, in run_endpoint_function
    return await run_in_threadpool(dependant.call, **values)
           ^^^^^^^^^^^^^^^^^^^^^^^^^^^^^^^^^^^^^^^^^^^^^^^^^
  File "D:\自媒体\漫画工作流\.venv-desktop\Lib\site-packages\starlette\concurrency.py", line 34, in run_in_threadpool
    return await anyio.to_thread.run_sync(func)
           ^^^^^^^^^^^^^^^^^^^^^^^^^^^^^^^^^^^^
  File "D:\自媒体\漫画工作流\.venv-desktop\Lib\site-packages\anyio\to_thread.py", line 65, in run_sync
    return await get_async_backend().run_sync_in_worker_thread(
           ^^^^^^^^^^^^^^^^^^^^^^^^^^^^^^^^^^^^^^^^^^^^^^^^^^^^
  File "D:\自媒体\漫画工作流\.venv-desktop\Lib\site-packages\anyio\_backends\_asyncio.py", line 2706, in run_sync_in_worker_thread
    return await future
           ^^^^^^^^^^^^
  File "D:\自媒体\漫画工作流\.venv-desktop\Lib\site-packages\anyio\_backends\_asyncio.py", line 1100, in run
    result = context.run(func, *args)
             ^^^^^^^^^^^^^^^^^^^^^^^^
  File "D:\自媒体/漫画工作流/apps/api\app\api\routes\uploads.py", line 706, in asset_thumbnail
    asset = db.get(Asset, asset_id)
            ^^^^^^^^^^^^^^^^^^^^^^^
  File "D:\自媒体\漫画工作流\.venv-desktop\Lib\site-packages\sqlalchemy\orm\session.py", line 3702, in get
    return self._get_impl(
           ^^^^^^^^^^^^^^^
  File "D:\自媒体\漫画工作流\.venv-desktop\Lib\site-packages\sqlalchemy\orm\session.py", line 3881, in _get_impl
    return db_load_fn(
           ^^^^^^^^^^^
  File "D:\自媒体\漫画工作流\.venv-desktop\Lib\site-packages\sqlalchemy\orm\loading.py", line 695, in load_on_pk_identity
    session.execute(
  File "D:\自媒体\漫画工作流\.venv-desktop\Lib\site-packages\sqlalchemy\orm\session.py", line 2373, in execute
    return self._execute_internal(
           ^^^^^^^^^^^^^^^^^^^^^^^
  File "D:\自媒体\漫画工作流\.venv-desktop\Lib\site-packages\sqlalchemy\orm\session.py", line 2261, in _execute_internal
    conn = self._connection_for_bind(bind)
           ^^^^^^^^^^^^^^^^^^^^^^^^^^^^^^^
  File "D:\自媒体\漫画工作流\.venv-desktop\Lib\site-packages\sqlalchemy\orm\session.py", line 2113, in _connection_for_bind
    return trans._connection_for_bind(engine, execution_options)
           ^^^^^^^^^^^^^^^^^^^^^^^^^^^^^^^^^^^^^^^^^^^^^^^^^^^^^
  File "<string>", line 2, in _connection_for_bind
  File "D:\自媒体\漫画工作流\.venv-desktop\Lib\site-packages\sqlalchemy\orm\state_changes.py", line 137, in _go
    ret_value = fn(self, *arg, **kw)
                ^^^^^^^^^^^^^^^^^^^^
  File "D:\自媒体\漫画工作流\.venv-desktop\Lib\site-packages\sqlalchemy\orm\session.py", line 1191, in _connection_for_bind
    conn = bind.connect()
           ^^^^^^^^^^^^^^
  File "D:\自媒体\漫画工作流\.venv-desktop\Lib\site-packages\sqlalchemy\engine\base.py", line 3295, in connect
    return self._connection_cls(self)
           ^^^^^^^^^^^^^^^^^^^^^^^^^^
  File "D:\自媒体\漫画工作流\.venv-desktop\Lib\site-packages\sqlalchemy\engine\base.py", line 144, in __init__
    self._dbapi_connection = engine.raw_connection()
                             ^^^^^^^^^^^^^^^^^^^^^^^
  File "D:\自媒体\漫画工作流\.venv-desktop\Lib\site-packages\sqlalchemy\engine\base.py", line 3319, in raw_connection
    return self.pool.connect()
           ^^^^^^^^^^^^^^^^^^^
  File "D:\自媒体\漫画工作流\.venv-desktop\Lib\site-packages\sqlalchemy\pool\base.py", line 448, in connect
    return _ConnectionFairy._checkout(self)
           ^^^^^^^^^^^^^^^^^^^^^^^^^^^^^^^^
  File "D:\自媒体\漫画工作流\.venv-desktop\Lib\site-packages\sqlalchemy\pool\base.py", line 1272, in _checkout
    fairy = _ConnectionRecord.checkout(pool)
            ^^^^^^^^^^^^^^^^^^^^^^^^^^^^^^^^
  File "D:\自媒体\漫画工作流\.venv-desktop\Lib\site-packages\sqlalchemy\pool\base.py", line 712, in checkout
    rec = pool._do_get()
          ^^^^^^^^^^^^^^
  File "D:\自媒体\漫画工作流\.venv-desktop\Lib\site-packages\sqlalchemy\pool\impl.py", line 167, in _do_get
    raise exc.TimeoutError(
sqlalchemy.exc.TimeoutError: QueuePool limit of size 5 overflow 10 reached, connection timed out, timeout 30.00 (Background on this error at: https://sqlalche.me/e/20/3o7r)
ERROR:    Exception in ASGI application
Traceback (most recent call last):
  File "D:\自媒体\漫画工作流\.venv-desktop\Lib\site-packages\uvicorn\protocols\http\httptools_impl.py", line 422, in run_asgi
    result = await app(  # type: ignore[func-returns-value]
             ^^^^^^^^^^^^^^^^^^^^^^^^^^^^^^^^^^^^^^^^^^^^^^
  File "D:\自媒体\漫画工作流\.venv-desktop\Lib\site-packages\uvicorn\middleware\proxy_headers.py", line 63, in __call__
    return await self.app(scope, receive, send)
           ^^^^^^^^^^^^^^^^^^^^^^^^^^^^^^^^^^^^
  File "D:\自媒体\漫画工作流\.venv-desktop\Lib\site-packages\fastapi\applications.py", line 1163, in __call__
    await super().__call__(scope, receive, send)
  File "D:\自媒体\漫画工作流\.venv-desktop\Lib\site-packages\starlette\applications.py", line 96, in __call__
    await self.middleware_stack(scope, receive, send)
  File "D:\自媒体\漫画工作流\.venv-desktop\Lib\site-packages\starlette\middleware\errors.py", line 186, in __call__
    raise exc
  File "D:\自媒体\漫画工作流\.venv-desktop\Lib\site-packages\starlette\middleware\errors.py", line 164, in __call__
    await self.app(scope, receive, _send)
  File "D:\自媒体\漫画工作流\.venv-desktop\Lib\site-packages\starlette\middleware\trustedhost.py", line 51, in __call__
    await self.app(scope, receive, send)
  File "D:\自媒体\漫画工作流\.venv-desktop\Lib\site-packages\starlette\middleware\cors.py", line 88, in __call__
    await self.app(scope, receive, send)
  File "D:\自媒体/漫画工作流/apps/api\app\request_limits.py", line 232, in __call__
    await self.app(scope, receive, send)
  File "D:\自媒体\漫画工作流\.venv-desktop\Lib\site-packages\starlette\middleware\exceptions.py", line 63, in __call__
    await wrap_app_handling_exceptions(self.app, conn)(scope, receive, send)
  File "D:\自媒体\漫画工作流\.venv-desktop\Lib\site-packages\starlette\_exception_handler.py", line 53, in wrapped_app
    raise exc
  File "D:\自媒体\漫画工作流\.venv-desktop\Lib\site-packages\starlette\_exception_handler.py", line 42, in wrapped_app
    await app(scope, receive, sender)
  File "D:\自媒体\漫画工作流\.venv-desktop\Lib\site-packages\fastapi\middleware\asyncexitstack.py", line 18, in __call__
    await self.app(scope, receive, send)
  File "D:\自媒体\漫画工作流\.venv-desktop\Lib\site-packages\starlette\routing.py", line 670, in __call__
    await self.middleware_stack(scope, receive, send)
  File "D:\自媒体\漫画工作流\.venv-desktop\Lib\site-packages\fastapi\routing.py", line 2683, in app
    await route.handle(scope, receive, send)
  File "D:\自媒体\漫画工作流\.venv-desktop\Lib\site-packages\fastapi\routing.py", line 1753, in handle
    await self.original_router.handle(scope, receive, send)
  File "D:\自媒体\漫画工作流\.venv-desktop\Lib\site-packages\fastapi\routing.py", line 2738, in handle
    await included_router._handle_selected(scope, receive, send)
  File "D:\自媒体\漫画工作流\.venv-desktop\Lib\site-packages\fastapi\routing.py", line 1764, in _handle_selected
    await route.handle(scope, receive, send)
  File "D:\自媒体\漫画工作流\.venv-desktop\Lib\site-packages\fastapi\routing.py", line 1753, in handle
    await self.original_router.handle(scope, receive, send)
  File "D:\自媒体\漫画工作流\.venv-desktop\Lib\site-packages\fastapi\routing.py", line 2738, in handle
    await included_router._handle_selected(scope, receive, send)
  File "D:\自媒体\漫画工作流\.venv-desktop\Lib\site-packages\fastapi\routing.py", line 1773, in _handle_selected
    await original_route.handle(scope, receive, send)
  File "D:\自媒体\漫画工作流\.venv-desktop\Lib\site-packages\fastapi\routing.py", line 1264, in handle
    await app(scope, receive, send)
  File "D:\自媒体\漫画工作流\.venv-desktop\Lib\site-packages\fastapi\routing.py", line 150, in app
    await wrap_app_handling_exceptions(app, request)(scope, receive, send)
  File "D:\自媒体\漫画工作流\.venv-desktop\Lib\site-packages\starlette\_exception_handler.py", line 53, in wrapped_app
    raise exc
  File "D:\自媒体\漫画工作流\.venv-desktop\Lib\site-packages\starlette\_exception_handler.py", line 42, in wrapped_app
    await app(scope, receive, sender)
  File "D:\自媒体\漫画工作流\.venv-desktop\Lib\site-packages\fastapi\routing.py", line 136, in app
    response = await f(request)
               ^^^^^^^^^^^^^^^^
  File "D:\自媒体\漫画工作流\.venv-desktop\Lib\site-packages\fastapi\routing.py", line 690, in app
    raw_response = await run_endpoint_function(
                   ^^^^^^^^^^^^^^^^^^^^^^^^^^^^
  File "D:\自媒体\漫画工作流\.venv-desktop\Lib\site-packages\fastapi\routing.py", line 346, in run_endpoint_function
    return await run_in_threadpool(dependant.call, **values)
           ^^^^^^^^^^^^^^^^^^^^^^^^^^^^^^^^^^^^^^^^^^^^^^^^^
  File "D:\自媒体\漫画工作流\.venv-desktop\Lib\site-packages\starlette\concurrency.py", line 34, in run_in_threadpool
    return await anyio.to_thread.run_sync(func)
           ^^^^^^^^^^^^^^^^^^^^^^^^^^^^^^^^^^^^
  File "D:\自媒体\漫画工作流\.venv-desktop\Lib\site-packages\anyio\to_thread.py", line 65, in run_sync
    return await get_async_backend().run_sync_in_worker_thread(
           ^^^^^^^^^^^^^^^^^^^^^^^^^^^^^^^^^^^^^^^^^^^^^^^^^^^^
  File "D:\自媒体\漫画工作流\.venv-desktop\Lib\site-packages\anyio\_backends\_asyncio.py", line 2706, in run_sync_in_worker_thread
    return await future
           ^^^^^^^^^^^^
  File "D:\自媒体\漫画工作流\.venv-desktop\Lib\site-packages\anyio\_backends\_asyncio.py", line 1100, in run
    result = context.run(func, *args)
             ^^^^^^^^^^^^^^^^^^^^^^^^
  File "D:\自媒体/漫画工作流/apps/api\app\api\routes\uploads.py", line 706, in asset_thumbnail
    asset = db.get(Asset, asset_id)
            ^^^^^^^^^^^^^^^^^^^^^^^
  File "D:\自媒体\漫画工作流\.venv-desktop\Lib\site-packages\sqlalchemy\orm\session.py", line 3702, in get
    return self._get_impl(
           ^^^^^^^^^^^^^^^
  File "D:\自媒体\漫画工作流\.venv-desktop\Lib\site-packages\sqlalchemy\orm\session.py", line 3881, in _get_impl
    return db_load_fn(
           ^^^^^^^^^^^
  File "D:\自媒体\漫画工作流\.venv-desktop\Lib\site-packages\sqlalchemy\orm\loading.py", line 695, in load_on_pk_identity
    session.execute(
  File "D:\自媒体\漫画工作流\.venv-desktop\Lib\site-packages\sqlalchemy\orm\session.py", line 2373, in execute
    return self._execute_internal(
           ^^^^^^^^^^^^^^^^^^^^^^^
  File "D:\自媒体\漫画工作流\.venv-desktop\Lib\site-packages\sqlalchemy\orm\session.py", line 2261, in _execute_internal
    conn = self._connection_for_bind(bind)
           ^^^^^^^^^^^^^^^^^^^^^^^^^^^^^^^
  File "D:\自媒体\漫画工作流\.venv-desktop\Lib\site-packages\sqlalchemy\orm\session.py", line 2113, in _connection_for_bind
    return trans._connection_for_bind(engine, execution_options)
           ^^^^^^^^^^^^^^^^^^^^^^^^^^^^^^^^^^^^^^^^^^^^^^^^^^^^^
  File "<string>", line 2, in _connection_for_bind
  File "D:\自媒体\漫画工作流\.venv-desktop\Lib\site-packages\sqlalchemy\orm\state_changes.py", line 137, in _go
    ret_value = fn(self, *arg, **kw)
                ^^^^^^^^^^^^^^^^^^^^
  File "D:\自媒体\漫画工作流\.venv-desktop\Lib\site-packages\sqlalchemy\orm\session.py", line 1191, in _connection_for_bind
    conn = bind.connect()
           ^^^^^^^^^^^^^^
  File "D:\自媒体\漫画工作流\.venv-desktop\Lib\site-packages\sqlalchemy\engine\base.py", line 3295, in connect
    return self._connection_cls(self)
           ^^^^^^^^^^^^^^^^^^^^^^^^^^
  File "D:\自媒体\漫画工作流\.venv-desktop\Lib\site-packages\sqlalchemy\engine\base.py", line 144, in __init__
    self._dbapi_connection = engine.raw_connection()
                             ^^^^^^^^^^^^^^^^^^^^^^^
  File "D:\自媒体\漫画工作流\.venv-desktop\Lib\site-packages\sqlalchemy\engine\base.py", line 3319, in raw_connection
    return self.pool.connect()
           ^^^^^^^^^^^^^^^^^^^
  File "D:\自媒体\漫画工作流\.venv-desktop\Lib\site-packages\sqlalchemy\pool\base.py", line 448, in connect
    return _ConnectionFairy._checkout(self)
           ^^^^^^^^^^^^^^^^^^^^^^^^^^^^^^^^
  File "D:\自媒体\漫画工作流\.venv-desktop\Lib\site-packages\sqlalchemy\pool\base.py", line 1272, in _checkout
    fairy = _ConnectionRecord.checkout(pool)
            ^^^^^^^^^^^^^^^^^^^^^^^^^^^^^^^^
  File "D:\自媒体\漫画工作流\.venv-desktop\Lib\site-packages\sqlalchemy\pool\base.py", line 712, in checkout
    rec = pool._do_get()
          ^^^^^^^^^^^^^^
  File "D:\自媒体\漫画工作流\.venv-desktop\Lib\site-packages\sqlalchemy\pool\impl.py", line 167, in _do_get
    raise exc.TimeoutError(
sqlalchemy.exc.TimeoutError: QueuePool limit of size 5 overflow 10 reached, connection timed out, timeout 30.00 (Background on this error at: https://sqlalche.me/e/20/3o7r)
ERROR:    Exception in ASGI application
Traceback (most recent call last):
  File "D:\自媒体\漫画工作流\.venv-desktop\Lib\site-packages\uvicorn\protocols\http\httptools_impl.py", line 422, in run_asgi
    result = await app(  # type: ignore[func-returns-value]
             ^^^^^^^^^^^^^^^^^^^^^^^^^^^^^^^^^^^^^^^^^^^^^^
  File "D:\自媒体\漫画工作流\.venv-desktop\Lib\site-packages\uvicorn\middleware\proxy_headers.py", line 63, in __call__
    return await self.app(scope, receive, send)
           ^^^^^^^^^^^^^^^^^^^^^^^^^^^^^^^^^^^^
  File "D:\自媒体\漫画工作流\.venv-desktop\Lib\site-packages\fastapi\applications.py", line 1163, in __call__
    await super().__call__(scope, receive, send)
  File "D:\自媒体\漫画工作流\.venv-desktop\Lib\site-packages\starlette\applications.py", line 96, in __call__
    await self.middleware_stack(scope, receive, send)
  File "D:\自媒体\漫画工作流\.venv-desktop\Lib\site-packages\starlette\middleware\errors.py", line 186, in __call__
    raise exc
  File "D:\自媒体\漫画工作流\.venv-desktop\Lib\site-packages\starlette\middleware\errors.py", line 164, in __call__
    await self.app(scope, receive, _send)
  File "D:\自媒体\漫画工作流\.venv-desktop\Lib\site-packages\starlette\middleware\trustedhost.py", line 51, in __call__
    await self.app(scope, receive, send)
  File "D:\自媒体\漫画工作流\.venv-desktop\Lib\site-packages\starlette\middleware\cors.py", line 88, in __call__
    await self.app(scope, receive, send)
  File "D:\自媒体/漫画工作流/apps/api\app\request_limits.py", line 232, in __call__
    await self.app(scope, receive, send)
  File "D:\自媒体\漫画工作流\.venv-desktop\Lib\site-packages\starlette\middleware\exceptions.py", line 63, in __call__
    await wrap_app_handling_exceptions(self.app, conn)(scope, receive, send)
  File "D:\自媒体\漫画工作流\.venv-desktop\Lib\site-packages\starlette\_exception_handler.py", line 53, in wrapped_app
    raise exc
  File "D:\自媒体\漫画工作流\.venv-desktop\Lib\site-packages\starlette\_exception_handler.py", line 42, in wrapped_app
    await app(scope, receive, sender)
  File "D:\自媒体\漫画工作流\.venv-desktop\Lib\site-packages\fastapi\middleware\asyncexitstack.py", line 18, in __call__
    await self.app(scope, receive, send)
  File "D:\自媒体\漫画工作流\.venv-desktop\Lib\site-packages\starlette\routing.py", line 670, in __call__
    await self.middleware_stack(scope, receive, send)
  File "D:\自媒体\漫画工作流\.venv-desktop\Lib\site-packages\fastapi\routing.py", line 2683, in app
    await route.handle(scope, receive, send)
  File "D:\自媒体\漫画工作流\.venv-desktop\Lib\site-packages\fastapi\routing.py", line 1753, in handle
    await self.original_router.handle(scope, receive, send)
  File "D:\自媒体\漫画工作流\.venv-desktop\Lib\site-packages\fastapi\routing.py", line 2738, in handle
    await included_router._handle_selected(scope, receive, send)
  File "D:\自媒体\漫画工作流\.venv-desktop\Lib\site-packages\fastapi\routing.py", line 1764, in _handle_selected
    await route.handle(scope, receive, send)
  File "D:\自媒体\漫画工作流\.venv-desktop\Lib\site-packages\fastapi\routing.py", line 1753, in handle
    await self.original_router.handle(scope, receive, send)
  File "D:\自媒体\漫画工作流\.venv-desktop\Lib\site-packages\fastapi\routing.py", line 2738, in handle
    await included_router._handle_selected(scope, receive, send)
  File "D:\自媒体\漫画工作流\.venv-desktop\Lib\site-packages\fastapi\routing.py", line 1773, in _handle_selected
    await original_route.handle(scope, receive, send)
  File "D:\自媒体\漫画工作流\.venv-desktop\Lib\site-packages\fastapi\routing.py", line 1264, in handle
    await app(scope, receive, send)
  File "D:\自媒体\漫画工作流\.venv-desktop\Lib\site-packages\fastapi\routing.py", line 150, in app
    await wrap_app_handling_exceptions(app, request)(scope, receive, send)
  File "D:\自媒体\漫画工作流\.venv-desktop\Lib\site-packages\starlette\_exception_handler.py", line 53, in wrapped_app
    raise exc
  File "D:\自媒体\漫画工作流\.venv-desktop\Lib\site-packages\starlette\_exception_handler.py", line 42, in wrapped_app
    await app(scope, receive, sender)
  File "D:\自媒体\漫画工作流\.venv-desktop\Lib\site-packages\fastapi\routing.py", line 136, in app
    response = await f(request)
               ^^^^^^^^^^^^^^^^
  File "D:\自媒体\漫画工作流\.venv-desktop\Lib\site-packages\fastapi\routing.py", line 690, in app
    raw_response = await run_endpoint_function(
                   ^^^^^^^^^^^^^^^^^^^^^^^^^^^^
  File "D:\自媒体\漫画工作流\.venv-desktop\Lib\site-packages\fastapi\routing.py", line 346, in run_endpoint_function
    return await run_in_threadpool(dependant.call, **values)
           ^^^^^^^^^^^^^^^^^^^^^^^^^^^^^^^^^^^^^^^^^^^^^^^^^
  File "D:\自媒体\漫画工作流\.venv-desktop\Lib\site-packages\starlette\concurrency.py", line 34, in run_in_threadpool
    return await anyio.to_thread.run_sync(func)
           ^^^^^^^^^^^^^^^^^^^^^^^^^^^^^^^^^^^^
  File "D:\自媒体\漫画工作流\.venv-desktop\Lib\site-packages\anyio\to_thread.py", line 65, in run_sync
    return await get_async_backend().run_sync_in_worker_thread(
           ^^^^^^^^^^^^^^^^^^^^^^^^^^^^^^^^^^^^^^^^^^^^^^^^^^^^
  File "D:\自媒体\漫画工作流\.venv-desktop\Lib\site-packages\anyio\_backends\_asyncio.py", line 2706, in run_sync_in_worker_thread
    return await future
           ^^^^^^^^^^^^
  File "D:\自媒体\漫画工作流\.venv-desktop\Lib\site-packages\anyio\_backends\_asyncio.py", line 1100, in run
    result = context.run(func, *args)
             ^^^^^^^^^^^^^^^^^^^^^^^^
  File "D:\自媒体/漫画工作流/apps/api\app\api\routes\uploads.py", line 706, in asset_thumbnail
    asset = db.get(Asset, asset_id)
            ^^^^^^^^^^^^^^^^^^^^^^^
  File "D:\自媒体\漫画工作流\.venv-desktop\Lib\site-packages\sqlalchemy\orm\session.py", line 3702, in get
    return self._get_impl(
           ^^^^^^^^^^^^^^^
  File "D:\自媒体\漫画工作流\.venv-desktop\Lib\site-packages\sqlalchemy\orm\session.py", line 3881, in _get_impl
    return db_load_fn(
           ^^^^^^^^^^^
  File "D:\自媒体\漫画工作流\.venv-desktop\Lib\site-packages\sqlalchemy\orm\loading.py", line 695, in load_on_pk_identity
    session.execute(
  File "D:\自媒体\漫画工作流\.venv-desktop\Lib\site-packages\sqlalchemy\orm\session.py", line 2373, in execute
    return self._execute_internal(
           ^^^^^^^^^^^^^^^^^^^^^^^
  File "D:\自媒体\漫画工作流\.venv-desktop\Lib\site-packages\sqlalchemy\orm\session.py", line 2261, in _execute_internal
    conn = self._connection_for_bind(bind)
           ^^^^^^^^^^^^^^^^^^^^^^^^^^^^^^^
  File "D:\自媒体\漫画工作流\.venv-desktop\Lib\site-packages\sqlalchemy\orm\session.py", line 2113, in _connection_for_bind
    return trans._connection_for_bind(engine, execution_options)
           ^^^^^^^^^^^^^^^^^^^^^^^^^^^^^^^^^^^^^^^^^^^^^^^^^^^^^
  File "<string>", line 2, in _connection_for_bind
  File "D:\自媒体\漫画工作流\.venv-desktop\Lib\site-packages\sqlalchemy\orm\state_changes.py", line 137, in _go
    ret_value = fn(self, *arg, **kw)
                ^^^^^^^^^^^^^^^^^^^^
  File "D:\自媒体\漫画工作流\.venv-desktop\Lib\site-packages\sqlalchemy\orm\session.py", line 1191, in _connection_for_bind
    conn = bind.connect()
           ^^^^^^^^^^^^^^
  File "D:\自媒体\漫画工作流\.venv-desktop\Lib\site-packages\sqlalchemy\engine\base.py", line 3295, in connect
    return self._connection_cls(self)
           ^^^^^^^^^^^^^^^^^^^^^^^^^^
  File "D:\自媒体\漫画工作流\.venv-desktop\Lib\site-packages\sqlalchemy\engine\base.py", line 144, in __init__
    self._dbapi_connection = engine.raw_connection()
                             ^^^^^^^^^^^^^^^^^^^^^^^
  File "D:\自媒体\漫画工作流\.venv-desktop\Lib\site-packages\sqlalchemy\engine\base.py", line 3319, in raw_connection
    return self.pool.connect()
           ^^^^^^^^^^^^^^^^^^^
  File "D:\自媒体\漫画工作流\.venv-desktop\Lib\site-packages\sqlalchemy\pool\base.py", line 448, in connect
    return _ConnectionFairy._checkout(self)
           ^^^^^^^^^^^^^^^^^^^^^^^^^^^^^^^^
  File "D:\自媒体\漫画工作流\.venv-desktop\Lib\site-packages\sqlalchemy\pool\base.py", line 1272, in _checkout
    fairy = _ConnectionRecord.checkout(pool)
            ^^^^^^^^^^^^^^^^^^^^^^^^^^^^^^^^
  File "D:\自媒体\漫画工作流\.venv-desktop\Lib\site-packages\sqlalchemy\pool\base.py", line 712, in checkout
    rec = pool._do_get()
          ^^^^^^^^^^^^^^
  File "D:\自媒体\漫画工作流\.venv-desktop\Lib\site-packages\sqlalchemy\pool\impl.py", line 167, in _do_get
    raise exc.TimeoutError(
sqlalchemy.exc.TimeoutError: QueuePool limit of size 5 overflow 10 reached, connection timed out, timeout 30.00 (Background on this error at: https://sqlalche.me/e/20/3o7r)
ERROR:    Exception in ASGI application
Traceback (most recent call last):
  File "D:\自媒体\漫画工作流\.venv-desktop\Lib\site-packages\uvicorn\protocols\http\httptools_impl.py", line 422, in run_asgi
    result = await app(  # type: ignore[func-returns-value]
             ^^^^^^^^^^^^^^^^^^^^^^^^^^^^^^^^^^^^^^^^^^^^^^
  File "D:\自媒体\漫画工作流\.venv-desktop\Lib\site-packages\uvicorn\middleware\proxy_headers.py", line 63, in __call__
    return await self.app(scope, receive, send)
           ^^^^^^^^^^^^^^^^^^^^^^^^^^^^^^^^^^^^
  File "D:\自媒体\漫画工作流\.venv-desktop\Lib\site-packages\fastapi\applications.py", line 1163, in __call__
    await super().__call__(scope, receive, send)
  File "D:\自媒体\漫画工作流\.venv-desktop\Lib\site-packages\starlette\applications.py", line 96, in __call__
    await self.middleware_stack(scope, receive, send)
  File "D:\自媒体\漫画工作流\.venv-desktop\Lib\site-packages\starlette\middleware\errors.py", line 186, in __call__
    raise exc
  File "D:\自媒体\漫画工作流\.venv-desktop\Lib\site-packages\starlette\middleware\errors.py", line 164, in __call__
    await self.app(scope, receive, _send)
  File "D:\自媒体\漫画工作流\.venv-desktop\Lib\site-packages\starlette\middleware\trustedhost.py", line 51, in __call__
    await self.app(scope, receive, send)
  File "D:\自媒体\漫画工作流\.venv-desktop\Lib\site-packages\starlette\middleware\cors.py", line 88, in __call__
    await self.app(scope, receive, send)
  File "D:\自媒体/漫画工作流/apps/api\app\request_limits.py", line 232, in __call__
    await self.app(scope, receive, send)
  File "D:\自媒体\漫画工作流\.venv-desktop\Lib\site-packages\starlette\middleware\exceptions.py", line 63, in __call__
    await wrap_app_handling_exceptions(self.app, conn)(scope, receive, send)
  File "D:\自媒体\漫画工作流\.venv-desktop\Lib\site-packages\starlette\_exception_handler.py", line 53, in wrapped_app
    raise exc
  File "D:\自媒体\漫画工作流\.venv-desktop\Lib\site-packages\starlette\_exception_handler.py", line 42, in wrapped_app
    await app(scope, receive, sender)
  File "D:\自媒体\漫画工作流\.venv-desktop\Lib\site-packages\fastapi\middleware\asyncexitstack.py", line 18, in __call__
    await self.app(scope, receive, send)
  File "D:\自媒体\漫画工作流\.venv-desktop\Lib\site-packages\starlette\routing.py", line 670, in __call__
    await self.middleware_stack(scope, receive, send)
  File "D:\自媒体\漫画工作流\.venv-desktop\Lib\site-packages\fastapi\routing.py", line 2683, in app
    await route.handle(scope, receive, send)
  File "D:\自媒体\漫画工作流\.venv-desktop\Lib\site-packages\fastapi\routing.py", line 1753, in handle
    await self.original_router.handle(scope, receive, send)
  File "D:\自媒体\漫画工作流\.venv-desktop\Lib\site-packages\fastapi\routing.py", line 2738, in handle
    await included_router._handle_selected(scope, receive, send)
  File "D:\自媒体\漫画工作流\.venv-desktop\Lib\site-packages\fastapi\routing.py", line 1764, in _handle_selected
    await route.handle(scope, receive, send)
  File "D:\自媒体\漫画工作流\.venv-desktop\Lib\site-packages\fastapi\routing.py", line 1753, in handle
    await self.original_router.handle(scope, receive, send)
  File "D:\自媒体\漫画工作流\.venv-desktop\Lib\site-packages\fastapi\routing.py", line 2738, in handle
    await included_router._handle_selected(scope, receive, send)
  File "D:\自媒体\漫画工作流\.venv-desktop\Lib\site-packages\fastapi\routing.py", line 1773, in _handle_selected
    await original_route.handle(scope, receive, send)
  File "D:\自媒体\漫画工作流\.venv-desktop\Lib\site-packages\fastapi\routing.py", line 1264, in handle
    await app(scope, receive, send)
  File "D:\自媒体\漫画工作流\.venv-desktop\Lib\site-packages\fastapi\routing.py", line 150, in app
    await wrap_app_handling_exceptions(app, request)(scope, receive, send)
  File "D:\自媒体\漫画工作流\.venv-desktop\Lib\site-packages\starlette\_exception_handler.py", line 53, in wrapped_app
    raise exc
  File "D:\自媒体\漫画工作流\.venv-desktop\Lib\site-packages\starlette\_exception_handler.py", line 42, in wrapped_app
    await app(scope, receive, sender)
  File "D:\自媒体\漫画工作流\.venv-desktop\Lib\site-packages\fastapi\routing.py", line 136, in app
    response = await f(request)
               ^^^^^^^^^^^^^^^^
  File "D:\自媒体\漫画工作流\.venv-desktop\Lib\site-packages\fastapi\routing.py", line 690, in app
    raw_response = await run_endpoint_function(
                   ^^^^^^^^^^^^^^^^^^^^^^^^^^^^
  File "D:\自媒体\漫画工作流\.venv-desktop\Lib\site-packages\fastapi\routing.py", line 346, in run_endpoint_function
    return await run_in_threadpool(dependant.call, **values)
           ^^^^^^^^^^^^^^^^^^^^^^^^^^^^^^^^^^^^^^^^^^^^^^^^^
  File "D:\自媒体\漫画工作流\.venv-desktop\Lib\site-packages\starlette\concurrency.py", line 34, in run_in_threadpool
    return await anyio.to_thread.run_sync(func)
           ^^^^^^^^^^^^^^^^^^^^^^^^^^^^^^^^^^^^
  File "D:\自媒体\漫画工作流\.venv-desktop\Lib\site-packages\anyio\to_thread.py", line 65, in run_sync
    return await get_async_backend().run_sync_in_worker_thread(
           ^^^^^^^^^^^^^^^^^^^^^^^^^^^^^^^^^^^^^^^^^^^^^^^^^^^^
  File "D:\自媒体\漫画工作流\.venv-desktop\Lib\site-packages\anyio\_backends\_asyncio.py", line 2706, in run_sync_in_worker_thread
    return await future
           ^^^^^^^^^^^^
  File "D:\自媒体\漫画工作流\.venv-desktop\Lib\site-packages\anyio\_backends\_asyncio.py", line 1100, in run
    result = context.run(func, *args)
             ^^^^^^^^^^^^^^^^^^^^^^^^
  File "D:\自媒体/漫画工作流/apps/api\app\api\routes\uploads.py", line 706, in asset_thumbnail
    asset = db.get(Asset, asset_id)
            ^^^^^^^^^^^^^^^^^^^^^^^
  File "D:\自媒体\漫画工作流\.venv-desktop\Lib\site-packages\sqlalchemy\orm\session.py", line 3702, in get
    return self._get_impl(
           ^^^^^^^^^^^^^^^
  File "D:\自媒体\漫画工作流\.venv-desktop\Lib\site-packages\sqlalchemy\orm\session.py", line 3881, in _get_impl
    return db_load_fn(
           ^^^^^^^^^^^
  File "D:\自媒体\漫画工作流\.venv-desktop\Lib\site-packages\sqlalchemy\orm\loading.py", line 695, in load_on_pk_identity
    session.execute(
  File "D:\自媒体\漫画工作流\.venv-desktop\Lib\site-packages\sqlalchemy\orm\session.py", line 2373, in execute
    return self._execute_internal(
           ^^^^^^^^^^^^^^^^^^^^^^^
  File "D:\自媒体\漫画工作流\.venv-desktop\Lib\site-packages\sqlalchemy\orm\session.py", line 2261, in _execute_internal
    conn = self._connection_for_bind(bind)
           ^^^^^^^^^^^^^^^^^^^^^^^^^^^^^^^
  File "D:\自媒体\漫画工作流\.venv-desktop\Lib\site-packages\sqlalchemy\orm\session.py", line 2113, in _connection_for_bind
    return trans._connection_for_bind(engine, execution_options)
           ^^^^^^^^^^^^^^^^^^^^^^^^^^^^^^^^^^^^^^^^^^^^^^^^^^^^^
  File "<string>", line 2, in _connection_for_bind
  File "D:\自媒体\漫画工作流\.venv-desktop\Lib\site-packages\sqlalchemy\orm\state_changes.py", line 137, in _go
    ret_value = fn(self, *arg, **kw)
                ^^^^^^^^^^^^^^^^^^^^
  File "D:\自媒体\漫画工作流\.venv-desktop\Lib\site-packages\sqlalchemy\orm\session.py", line 1191, in _connection_for_bind
    conn = bind.connect()
           ^^^^^^^^^^^^^^
  File "D:\自媒体\漫画工作流\.venv-desktop\Lib\site-packages\sqlalchemy\engine\base.py", line 3295, in connect
    return self._connection_cls(self)
           ^^^^^^^^^^^^^^^^^^^^^^^^^^
  File "D:\自媒体\漫画工作流\.venv-desktop\Lib\site-packages\sqlalchemy\engine\base.py", line 144, in __init__
    self._dbapi_connection = engine.raw_connection()
                             ^^^^^^^^^^^^^^^^^^^^^^^
  File "D:\自媒体\漫画工作流\.venv-desktop\Lib\site-packages\sqlalchemy\engine\base.py", line 3319, in raw_connection
    return self.pool.connect()
           ^^^^^^^^^^^^^^^^^^^
  File "D:\自媒体\漫画工作流\.venv-desktop\Lib\site-packages\sqlalchemy\pool\base.py", line 448, in connect
    return _ConnectionFairy._checkout(self)
           ^^^^^^^^^^^^^^^^^^^^^^^^^^^^^^^^
  File "D:\自媒体\漫画工作流\.venv-desktop\Lib\site-packages\sqlalchemy\pool\base.py", line 1272, in _checkout
    fairy = _ConnectionRecord.checkout(pool)
            ^^^^^^^^^^^^^^^^^^^^^^^^^^^^^^^^
  File "D:\自媒体\漫画工作流\.venv-desktop\Lib\site-packages\sqlalchemy\pool\base.py", line 712, in checkout
    rec = pool._do_get()
          ^^^^^^^^^^^^^^
  File "D:\自媒体\漫画工作流\.venv-desktop\Lib\site-packages\sqlalchemy\pool\impl.py", line 167, in _do_get
    raise exc.TimeoutError(
sqlalchemy.exc.TimeoutError: QueuePool limit of size 5 overflow 10 reached, connection timed out, timeout 30.00 (Background on this error at: https://sqlalche.me/e/20/3o7r)
ERROR:    Exception in ASGI application
Traceback (most recent call last):
  File "D:\自媒体\漫画工作流\.venv-desktop\Lib\site-packages\uvicorn\protocols\http\httptools_impl.py", line 422, in run_asgi
    result = await app(  # type: ignore[func-returns-value]
             ^^^^^^^^^^^^^^^^^^^^^^^^^^^^^^^^^^^^^^^^^^^^^^
  File "D:\自媒体\漫画工作流\.venv-desktop\Lib\site-packages\uvicorn\middleware\proxy_headers.py", line 63, in __call__
    return await self.app(scope, receive, send)
           ^^^^^^^^^^^^^^^^^^^^^^^^^^^^^^^^^^^^
  File "D:\自媒体\漫画工作流\.venv-desktop\Lib\site-packages\fastapi\applications.py", line 1163, in __call__
    await super().__call__(scope, receive, send)
  File "D:\自媒体\漫画工作流\.venv-desktop\Lib\site-packages\starlette\applications.py", line 96, in __call__
    await self.middleware_stack(scope, receive, send)
  File "D:\自媒体\漫画工作流\.venv-desktop\Lib\site-packages\starlette\middleware\errors.py", line 186, in __call__
    raise exc
  File "D:\自媒体\漫画工作流\.venv-desktop\Lib\site-packages\starlette\middleware\errors.py", line 164, in __call__
    await self.app(scope, receive, _send)
  File "D:\自媒体\漫画工作流\.venv-desktop\Lib\site-packages\starlette\middleware\trustedhost.py", line 51, in __call__
    await self.app(scope, receive, send)
  File "D:\自媒体\漫画工作流\.venv-desktop\Lib\site-packages\starlette\middleware\cors.py", line 88, in __call__
    await self.app(scope, receive, send)
  File "D:\自媒体/漫画工作流/apps/api\app\request_limits.py", line 232, in __call__
    await self.app(scope, receive, send)
  File "D:\自媒体\漫画工作流\.venv-desktop\Lib\site-packages\starlette\middleware\exceptions.py", line 63, in __call__
    await wrap_app_handling_exceptions(self.app, conn)(scope, receive, send)
  File "D:\自媒体\漫画工作流\.venv-desktop\Lib\site-packages\starlette\_exception_handler.py", line 53, in wrapped_app
    raise exc
  File "D:\自媒体\漫画工作流\.venv-desktop\Lib\site-packages\starlette\_exception_handler.py", line 42, in wrapped_app
    await app(scope, receive, sender)
  File "D:\自媒体\漫画工作流\.venv-desktop\Lib\site-packages\fastapi\middleware\asyncexitstack.py", line 18, in __call__
    await self.app(scope, receive, send)
  File "D:\自媒体\漫画工作流\.venv-desktop\Lib\site-packages\starlette\routing.py", line 670, in __call__
    await self.middleware_stack(scope, receive, send)
  File "D:\自媒体\漫画工作流\.venv-desktop\Lib\site-packages\fastapi\routing.py", line 2683, in app
    await route.handle(scope, receive, send)
  File "D:\自媒体\漫画工作流\.venv-desktop\Lib\site-packages\fastapi\routing.py", line 1753, in handle
    await self.original_router.handle(scope, receive, send)
  File "D:\自媒体\漫画工作流\.venv-desktop\Lib\site-packages\fastapi\routing.py", line 2738, in handle
    await included_router._handle_selected(scope, receive, send)
  File "D:\自媒体\漫画工作流\.venv-desktop\Lib\site-packages\fastapi\routing.py", line 1764, in _handle_selected
    await route.handle(scope, receive, send)
  File "D:\自媒体\漫画工作流\.venv-desktop\Lib\site-packages\fastapi\routing.py", line 1753, in handle
    await self.original_router.handle(scope, receive, send)
  File "D:\自媒体\漫画工作流\.venv-desktop\Lib\site-packages\fastapi\routing.py", line 2738, in handle
    await included_router._handle_selected(scope, receive, send)
  File "D:\自媒体\漫画工作流\.venv-desktop\Lib\site-packages\fastapi\routing.py", line 1773, in _handle_selected
    await original_route.handle(scope, receive, send)
  File "D:\自媒体\漫画工作流\.venv-desktop\Lib\site-packages\fastapi\routing.py", line 1264, in handle
    await app(scope, receive, send)
  File "D:\自媒体\漫画工作流\.venv-desktop\Lib\site-packages\fastapi\routing.py", line 150, in app
    await wrap_app_handling_exceptions(app, request)(scope, receive, send)
  File "D:\自媒体\漫画工作流\.venv-desktop\Lib\site-packages\starlette\_exception_handler.py", line 53, in wrapped_app
    raise exc
  File "D:\自媒体\漫画工作流\.venv-desktop\Lib\site-packages\starlette\_exception_handler.py", line 42, in wrapped_app
    await app(scope, receive, sender)
  File "D:\自媒体\漫画工作流\.venv-desktop\Lib\site-packages\fastapi\routing.py", line 136, in app
    response = await f(request)
               ^^^^^^^^^^^^^^^^
  File "D:\自媒体\漫画工作流\.venv-desktop\Lib\site-packages\fastapi\routing.py", line 690, in app
    raw_response = await run_endpoint_function(
                   ^^^^^^^^^^^^^^^^^^^^^^^^^^^^
  File "D:\自媒体\漫画工作流\.venv-desktop\Lib\site-packages\fastapi\routing.py", line 346, in run_endpoint_function
    return await run_in_threadpool(dependant.call, **values)
           ^^^^^^^^^^^^^^^^^^^^^^^^^^^^^^^^^^^^^^^^^^^^^^^^^
  File "D:\自媒体\漫画工作流\.venv-desktop\Lib\site-packages\starlette\concurrency.py", line 34, in run_in_threadpool
    return await anyio.to_thread.run_sync(func)
           ^^^^^^^^^^^^^^^^^^^^^^^^^^^^^^^^^^^^
  File "D:\自媒体\漫画工作流\.venv-desktop\Lib\site-packages\anyio\to_thread.py", line 65, in run_sync
    return await get_async_backend().run_sync_in_worker_thread(
           ^^^^^^^^^^^^^^^^^^^^^^^^^^^^^^^^^^^^^^^^^^^^^^^^^^^^
  File "D:\自媒体\漫画工作流\.venv-desktop\Lib\site-packages\anyio\_backends\_asyncio.py", line 2706, in run_sync_in_worker_thread
    return await future
           ^^^^^^^^^^^^
  File "D:\自媒体\漫画工作流\.venv-desktop\Lib\site-packages\anyio\_backends\_asyncio.py", line 1100, in run
    result = context.run(func, *args)
             ^^^^^^^^^^^^^^^^^^^^^^^^
  File "D:\自媒体/漫画工作流/apps/api\app\api\routes\uploads.py", line 706, in asset_thumbnail
    asset = db.get(Asset, asset_id)
            ^^^^^^^^^^^^^^^^^^^^^^^
  File "D:\自媒体\漫画工作流\.venv-desktop\Lib\site-packages\sqlalchemy\orm\session.py", line 3702, in get
    return self._get_impl(
           ^^^^^^^^^^^^^^^
  File "D:\自媒体\漫画工作流\.venv-desktop\Lib\site-packages\sqlalchemy\orm\session.py", line 3881, in _get_impl
    return db_load_fn(
           ^^^^^^^^^^^
  File "D:\自媒体\漫画工作流\.venv-desktop\Lib\site-packages\sqlalchemy\orm\loading.py", line 695, in load_on_pk_identity
    session.execute(
  File "D:\自媒体\漫画工作流\.venv-desktop\Lib\site-packages\sqlalchemy\orm\session.py", line 2373, in execute
    return self._execute_internal(
           ^^^^^^^^^^^^^^^^^^^^^^^
  File "D:\自媒体\漫画工作流\.venv-desktop\Lib\site-packages\sqlalchemy\orm\session.py", line 2261, in _execute_internal
    conn = self._connection_for_bind(bind)
           ^^^^^^^^^^^^^^^^^^^^^^^^^^^^^^^
  File "D:\自媒体\漫画工作流\.venv-desktop\Lib\site-packages\sqlalchemy\orm\session.py", line 2113, in _connection_for_bind
    return trans._connection_for_bind(engine, execution_options)
           ^^^^^^^^^^^^^^^^^^^^^^^^^^^^^^^^^^^^^^^^^^^^^^^^^^^^^
  File "<string>", line 2, in _connection_for_bind
  File "D:\自媒体\漫画工作流\.venv-desktop\Lib\site-packages\sqlalchemy\orm\state_changes.py", line 137, in _go
    ret_value = fn(self, *arg, **kw)
                ^^^^^^^^^^^^^^^^^^^^
  File "D:\自媒体\漫画工作流\.venv-desktop\Lib\site-packages\sqlalchemy\orm\session.py", line 1191, in _connection_for_bind
    conn = bind.connect()
           ^^^^^^^^^^^^^^
  File "D:\自媒体\漫画工作流\.venv-desktop\Lib\site-packages\sqlalchemy\engine\base.py", line 3295, in connect
    return self._connection_cls(self)
           ^^^^^^^^^^^^^^^^^^^^^^^^^^
  File "D:\自媒体\漫画工作流\.venv-desktop\Lib\site-packages\sqlalchemy\engine\base.py", line 144, in __init__
    self._dbapi_connection = engine.raw_connection()
                             ^^^^^^^^^^^^^^^^^^^^^^^
  File "D:\自媒体\漫画工作流\.venv-desktop\Lib\site-packages\sqlalchemy\engine\base.py", line 3319, in raw_connection
    return self.pool.connect()
           ^^^^^^^^^^^^^^^^^^^
  File "D:\自媒体\漫画工作流\.venv-desktop\Lib\site-packages\sqlalchemy\pool\base.py", line 448, in connect
    return _ConnectionFairy._checkout(self)
           ^^^^^^^^^^^^^^^^^^^^^^^^^^^^^^^^
  File "D:\自媒体\漫画工作流\.venv-desktop\Lib\site-packages\sqlalchemy\pool\base.py", line 1272, in _checkout
    fairy = _ConnectionRecord.checkout(pool)
            ^^^^^^^^^^^^^^^^^^^^^^^^^^^^^^^^
  File "D:\自媒体\漫画工作流\.venv-desktop\Lib\site-packages\sqlalchemy\pool\base.py", line 712, in checkout
    rec = pool._do_get()
          ^^^^^^^^^^^^^^
  File "D:\自媒体\漫画工作流\.venv-desktop\Lib\site-packages\sqlalchemy\pool\impl.py", line 167, in _do_get
    raise exc.TimeoutError(
sqlalchemy.exc.TimeoutError: QueuePool limit of size 5 overflow 10 reached, connection timed out, timeout 30.00 (Background on this error at: https://sqlalche.me/e/20/3o7r)
ERROR:    Exception in ASGI application
Traceback (most recent call last):
  File "D:\自媒体\漫画工作流\.venv-desktop\Lib\site-packages\uvicorn\protocols\http\httptools_impl.py", line 422, in run_asgi
    result = await app(  # type: ignore[func-returns-value]
             ^^^^^^^^^^^^^^^^^^^^^^^^^^^^^^^^^^^^^^^^^^^^^^
  File "D:\自媒体\漫画工作流\.venv-desktop\Lib\site-packages\uvicorn\middleware\proxy_headers.py", line 63, in __call__
    return await self.app(scope, receive, send)
           ^^^^^^^^^^^^^^^^^^^^^^^^^^^^^^^^^^^^
  File "D:\自媒体\漫画工作流\.venv-desktop\Lib\site-packages\fastapi\applications.py", line 1163, in __call__
    await super().__call__(scope, receive, send)
  File "D:\自媒体\漫画工作流\.venv-desktop\Lib\site-packages\starlette\applications.py", line 96, in __call__
    await self.middleware_stack(scope, receive, send)
  File "D:\自媒体\漫画工作流\.venv-desktop\Lib\site-packages\starlette\middleware\errors.py", line 186, in __call__
    raise exc
  File "D:\自媒体\漫画工作流\.venv-desktop\Lib\site-packages\starlette\middleware\errors.py", line 164, in __call__
    await self.app(scope, receive, _send)
  File "D:\自媒体\漫画工作流\.venv-desktop\Lib\site-packages\starlette\middleware\trustedhost.py", line 51, in __call__
    await self.app(scope, receive, send)
  File "D:\自媒体\漫画工作流\.venv-desktop\Lib\site-packages\starlette\middleware\cors.py", line 88, in __call__
    await self.app(scope, receive, send)
  File "D:\自媒体/漫画工作流/apps/api\app\request_limits.py", line 232, in __call__
    await self.app(scope, receive, send)
  File "D:\自媒体\漫画工作流\.venv-desktop\Lib\site-packages\starlette\middleware\exceptions.py", line 63, in __call__
    await wrap_app_handling_exceptions(self.app, conn)(scope, receive, send)
  File "D:\自媒体\漫画工作流\.venv-desktop\Lib\site-packages\starlette\_exception_handler.py", line 53, in wrapped_app
    raise exc
  File "D:\自媒体\漫画工作流\.venv-desktop\Lib\site-packages\starlette\_exception_handler.py", line 42, in wrapped_app
    await app(scope, receive, sender)
  File "D:\自媒体\漫画工作流\.venv-desktop\Lib\site-packages\fastapi\middleware\asyncexitstack.py", line 18, in __call__
    await self.app(scope, receive, send)
  File "D:\自媒体\漫画工作流\.venv-desktop\Lib\site-packages\starlette\routing.py", line 670, in __call__
    await self.middleware_stack(scope, receive, send)
  File "D:\自媒体\漫画工作流\.venv-desktop\Lib\site-packages\fastapi\routing.py", line 2683, in app
    await route.handle(scope, receive, send)
  File "D:\自媒体\漫画工作流\.venv-desktop\Lib\site-packages\fastapi\routing.py", line 1753, in handle
    await self.original_router.handle(scope, receive, send)
  File "D:\自媒体\漫画工作流\.venv-desktop\Lib\site-packages\fastapi\routing.py", line 2738, in handle
    await included_router._handle_selected(scope, receive, send)
  File "D:\自媒体\漫画工作流\.venv-desktop\Lib\site-packages\fastapi\routing.py", line 1764, in _handle_selected
    await route.handle(scope, receive, send)
  File "D:\自媒体\漫画工作流\.venv-desktop\Lib\site-packages\fastapi\routing.py", line 1753, in handle
    await self.original_router.handle(scope, receive, send)
  File "D:\自媒体\漫画工作流\.venv-desktop\Lib\site-packages\fastapi\routing.py", line 2738, in handle
    await included_router._handle_selected(scope, receive, send)
  File "D:\自媒体\漫画工作流\.venv-desktop\Lib\site-packages\fastapi\routing.py", line 1773, in _handle_selected
    await original_route.handle(scope, receive, send)
  File "D:\自媒体\漫画工作流\.venv-desktop\Lib\site-packages\fastapi\routing.py", line 1264, in handle
    await app(scope, receive, send)
  File "D:\自媒体\漫画工作流\.venv-desktop\Lib\site-packages\fastapi\routing.py", line 150, in app
    await wrap_app_handling_exceptions(app, request)(scope, receive, send)
  File "D:\自媒体\漫画工作流\.venv-desktop\Lib\site-packages\starlette\_exception_handler.py", line 53, in wrapped_app
    raise exc
  File "D:\自媒体\漫画工作流\.venv-desktop\Lib\site-packages\starlette\_exception_handler.py", line 42, in wrapped_app
    await app(scope, receive, sender)
  File "D:\自媒体\漫画工作流\.venv-desktop\Lib\site-packages\fastapi\routing.py", line 136, in app
    response = await f(request)
               ^^^^^^^^^^^^^^^^
  File "D:\自媒体\漫画工作流\.venv-desktop\Lib\site-packages\fastapi\routing.py", line 690, in app
    raw_response = await run_endpoint_function(
                   ^^^^^^^^^^^^^^^^^^^^^^^^^^^^
  File "D:\自媒体\漫画工作流\.venv-desktop\Lib\site-packages\fastapi\routing.py", line 346, in run_endpoint_function
    return await run_in_threadpool(dependant.call, **values)
           ^^^^^^^^^^^^^^^^^^^^^^^^^^^^^^^^^^^^^^^^^^^^^^^^^
  File "D:\自媒体\漫画工作流\.venv-desktop\Lib\site-packages\starlette\concurrency.py", line 34, in run_in_threadpool
    return await anyio.to_thread.run_sync(func)
           ^^^^^^^^^^^^^^^^^^^^^^^^^^^^^^^^^^^^
  File "D:\自媒体\漫画工作流\.venv-desktop\Lib\site-packages\anyio\to_thread.py", line 65, in run_sync
    return await get_async_backend().run_sync_in_worker_thread(
           ^^^^^^^^^^^^^^^^^^^^^^^^^^^^^^^^^^^^^^^^^^^^^^^^^^^^
  File "D:\自媒体\漫画工作流\.venv-desktop\Lib\site-packages\anyio\_backends\_asyncio.py", line 2706, in run_sync_in_worker_thread
    return await future
           ^^^^^^^^^^^^
  File "D:\自媒体\漫画工作流\.venv-desktop\Lib\site-packages\anyio\_backends\_asyncio.py", line 1100, in run
    result = context.run(func, *args)
             ^^^^^^^^^^^^^^^^^^^^^^^^
  File "D:\自媒体/漫画工作流/apps/api\app\api\routes\uploads.py", line 706, in asset_thumbnail
    asset = db.get(Asset, asset_id)
            ^^^^^^^^^^^^^^^^^^^^^^^
  File "D:\自媒体\漫画工作流\.venv-desktop\Lib\site-packages\sqlalchemy\orm\session.py", line 3702, in get
    return self._get_impl(
           ^^^^^^^^^^^^^^^
  File "D:\自媒体\漫画工作流\.venv-desktop\Lib\site-packages\sqlalchemy\orm\session.py", line 3881, in _get_impl
    return db_load_fn(
           ^^^^^^^^^^^
  File "D:\自媒体\漫画工作流\.venv-desktop\Lib\site-packages\sqlalchemy\orm\loading.py", line 695, in load_on_pk_identity
    session.execute(
  File "D:\自媒体\漫画工作流\.venv-desktop\Lib\site-packages\sqlalchemy\orm\session.py", line 2373, in execute
    return self._execute_internal(
           ^^^^^^^^^^^^^^^^^^^^^^^
  File "D:\自媒体\漫画工作流\.venv-desktop\Lib\site-packages\sqlalchemy\orm\session.py", line 2261, in _execute_internal
    conn = self._connection_for_bind(bind)
           ^^^^^^^^^^^^^^^^^^^^^^^^^^^^^^^
  File "D:\自媒体\漫画工作流\.venv-desktop\Lib\site-packages\sqlalchemy\orm\session.py", line 2113, in _connection_for_bind
    return trans._connection_for_bind(engine, execution_options)
           ^^^^^^^^^^^^^^^^^^^^^^^^^^^^^^^^^^^^^^^^^^^^^^^^^^^^^
  File "<string>", line 2, in _connection_for_bind
  File "D:\自媒体\漫画工作流\.venv-desktop\Lib\site-packages\sqlalchemy\orm\state_changes.py", line 137, in _go
    ret_value = fn(self, *arg, **kw)
                ^^^^^^^^^^^^^^^^^^^^
  File "D:\自媒体\漫画工作流\.venv-desktop\Lib\site-packages\sqlalchemy\orm\session.py", line 1191, in _connection_for_bind
    conn = bind.connect()
           ^^^^^^^^^^^^^^
  File "D:\自媒体\漫画工作流\.venv-desktop\Lib\site-packages\sqlalchemy\engine\base.py", line 3295, in connect
    return self._connection_cls(self)
           ^^^^^^^^^^^^^^^^^^^^^^^^^^
  File "D:\自媒体\漫画工作流\.venv-desktop\Lib\site-packages\sqlalchemy\engine\base.py", line 144, in __init__
    self._dbapi_connection = engine.raw_connection()
                             ^^^^^^^^^^^^^^^^^^^^^^^
  File "D:\自媒体\漫画工作流\.venv-desktop\Lib\site-packages\sqlalchemy\engine\base.py", line 3319, in raw_connection
    return self.pool.connect()
           ^^^^^^^^^^^^^^^^^^^
  File "D:\自媒体\漫画工作流\.venv-desktop\Lib\site-packages\sqlalchemy\pool\base.py", line 448, in connect
    return _ConnectionFairy._checkout(self)
           ^^^^^^^^^^^^^^^^^^^^^^^^^^^^^^^^
  File "D:\自媒体\漫画工作流\.venv-desktop\Lib\site-packages\sqlalchemy\pool\base.py", line 1272, in _checkout
    fairy = _ConnectionRecord.checkout(pool)
            ^^^^^^^^^^^^^^^^^^^^^^^^^^^^^^^^
  File "D:\自媒体\漫画工作流\.venv-desktop\Lib\site-packages\sqlalchemy\pool\base.py", line 712, in checkout
    rec = pool._do_get()
          ^^^^^^^^^^^^^^
  File "D:\自媒体\漫画工作流\.venv-desktop\Lib\site-packages\sqlalchemy\pool\impl.py", line 167, in _do_get
    raise exc.TimeoutError(
sqlalchemy.exc.TimeoutError: QueuePool limit of size 5 overflow 10 reached, connection timed out, timeout 30.00 (Background on this error at: https://sqlalche.me/e/20/3o7r)
ERROR:    Exception in ASGI application
Traceback (most recent call last):
  File "D:\自媒体\漫画工作流\.venv-desktop\Lib\site-packages\uvicorn\protocols\http\httptools_impl.py", line 422, in run_asgi
    result = await app(  # type: ignore[func-returns-value]
             ^^^^^^^^^^^^^^^^^^^^^^^^^^^^^^^^^^^^^^^^^^^^^^
  File "D:\自媒体\漫画工作流\.venv-desktop\Lib\site-packages\uvicorn\middleware\proxy_headers.py", line 63, in __call__
    return await self.app(scope, receive, send)
           ^^^^^^^^^^^^^^^^^^^^^^^^^^^^^^^^^^^^
  File "D:\自媒体\漫画工作流\.venv-desktop\Lib\site-packages\fastapi\applications.py", line 1163, in __call__
    await super().__call__(scope, receive, send)
  File "D:\自媒体\漫画工作流\.venv-desktop\Lib\site-packages\starlette\applications.py", line 96, in __call__
    await self.middleware_stack(scope, receive, send)
  File "D:\自媒体\漫画工作流\.venv-desktop\Lib\site-packages\starlette\middleware\errors.py", line 186, in __call__
    raise exc
  File "D:\自媒体\漫画工作流\.venv-desktop\Lib\site-packages\starlette\middleware\errors.py", line 164, in __call__
    await self.app(scope, receive, _send)
  File "D:\自媒体\漫画工作流\.venv-desktop\Lib\site-packages\starlette\middleware\trustedhost.py", line 51, in __call__
    await self.app(scope, receive, send)
  File "D:\自媒体\漫画工作流\.venv-desktop\Lib\site-packages\starlette\middleware\cors.py", line 88, in __call__
    await self.app(scope, receive, send)
  File "D:\自媒体/漫画工作流/apps/api\app\request_limits.py", line 232, in __call__
    await self.app(scope, receive, send)
  File "D:\自媒体\漫画工作流\.venv-desktop\Lib\site-packages\starlette\middleware\exceptions.py", line 63, in __call__
    await wrap_app_handling_exceptions(self.app, conn)(scope, receive, send)
  File "D:\自媒体\漫画工作流\.venv-desktop\Lib\site-packages\starlette\_exception_handler.py", line 53, in wrapped_app
    raise exc
  File "D:\自媒体\漫画工作流\.venv-desktop\Lib\site-packages\starlette\_exception_handler.py", line 42, in wrapped_app
    await app(scope, receive, sender)
  File "D:\自媒体\漫画工作流\.venv-desktop\Lib\site-packages\fastapi\middleware\asyncexitstack.py", line 18, in __call__
    await self.app(scope, receive, send)
  File "D:\自媒体\漫画工作流\.venv-desktop\Lib\site-packages\starlette\routing.py", line 670, in __call__
    await self.middleware_stack(scope, receive, send)
  File "D:\自媒体\漫画工作流\.venv-desktop\Lib\site-packages\fastapi\routing.py", line 2683, in app
    await route.handle(scope, receive, send)
  File "D:\自媒体\漫画工作流\.venv-desktop\Lib\site-packages\fastapi\routing.py", line 1753, in handle
    await self.original_router.handle(scope, receive, send)
  File "D:\自媒体\漫画工作流\.venv-desktop\Lib\site-packages\fastapi\routing.py", line 2738, in handle
    await included_router._handle_selected(scope, receive, send)
  File "D:\自媒体\漫画工作流\.venv-desktop\Lib\site-packages\fastapi\routing.py", line 1764, in _handle_selected
    await route.handle(scope, receive, send)
  File "D:\自媒体\漫画工作流\.venv-desktop\Lib\site-packages\fastapi\routing.py", line 1753, in handle
    await self.original_router.handle(scope, receive, send)
  File "D:\自媒体\漫画工作流\.venv-desktop\Lib\site-packages\fastapi\routing.py", line 2738, in handle
    await included_router._handle_selected(scope, receive, send)
  File "D:\自媒体\漫画工作流\.venv-desktop\Lib\site-packages\fastapi\routing.py", line 1773, in _handle_selected
    await original_route.handle(scope, receive, send)
  File "D:\自媒体\漫画工作流\.venv-desktop\Lib\site-packages\fastapi\routing.py", line 1264, in handle
    await app(scope, receive, send)
  File "D:\自媒体\漫画工作流\.venv-desktop\Lib\site-packages\fastapi\routing.py", line 150, in app
    await wrap_app_handling_exceptions(app, request)(scope, receive, send)
  File "D:\自媒体\漫画工作流\.venv-desktop\Lib\site-packages\starlette\_exception_handler.py", line 53, in wrapped_app
    raise exc
  File "D:\自媒体\漫画工作流\.venv-desktop\Lib\site-packages\starlette\_exception_handler.py", line 42, in wrapped_app
    await app(scope, receive, sender)
  File "D:\自媒体\漫画工作流\.venv-desktop\Lib\site-packages\fastapi\routing.py", line 136, in app
    response = await f(request)
               ^^^^^^^^^^^^^^^^
  File "D:\自媒体\漫画工作流\.venv-desktop\Lib\site-packages\fastapi\routing.py", line 690, in app
    raw_response = await run_endpoint_function(
                   ^^^^^^^^^^^^^^^^^^^^^^^^^^^^
  File "D:\自媒体\漫画工作流\.venv-desktop\Lib\site-packages\fastapi\routing.py", line 346, in run_endpoint_function
    return await run_in_threadpool(dependant.call, **values)
           ^^^^^^^^^^^^^^^^^^^^^^^^^^^^^^^^^^^^^^^^^^^^^^^^^
  File "D:\自媒体\漫画工作流\.venv-desktop\Lib\site-packages\starlette\concurrency.py", line 34, in run_in_threadpool
    return await anyio.to_thread.run_sync(func)
           ^^^^^^^^^^^^^^^^^^^^^^^^^^^^^^^^^^^^
  File "D:\自媒体\漫画工作流\.venv-desktop\Lib\site-packages\anyio\to_thread.py", line 65, in run_sync
    return await get_async_backend().run_sync_in_worker_thread(
           ^^^^^^^^^^^^^^^^^^^^^^^^^^^^^^^^^^^^^^^^^^^^^^^^^^^^
  File "D:\自媒体\漫画工作流\.venv-desktop\Lib\site-packages\anyio\_backends\_asyncio.py", line 2706, in run_sync_in_worker_thread
    return await future
           ^^^^^^^^^^^^
  File "D:\自媒体\漫画工作流\.venv-desktop\Lib\site-packages\anyio\_backends\_asyncio.py", line 1100, in run
    result = context.run(func, *args)
             ^^^^^^^^^^^^^^^^^^^^^^^^
  File "D:\自媒体/漫画工作流/apps/api\app\api\routes\uploads.py", line 706, in asset_thumbnail
    asset = db.get(Asset, asset_id)
            ^^^^^^^^^^^^^^^^^^^^^^^
  File "D:\自媒体\漫画工作流\.venv-desktop\Lib\site-packages\sqlalchemy\orm\session.py", line 3702, in get
    return self._get_impl(
           ^^^^^^^^^^^^^^^
  File "D:\自媒体\漫画工作流\.venv-desktop\Lib\site-packages\sqlalchemy\orm\session.py", line 3881, in _get_impl
    return db_load_fn(
           ^^^^^^^^^^^
  File "D:\自媒体\漫画工作流\.venv-desktop\Lib\site-packages\sqlalchemy\orm\loading.py", line 695, in load_on_pk_identity
    session.execute(
  File "D:\自媒体\漫画工作流\.venv-desktop\Lib\site-packages\sqlalchemy\orm\session.py", line 2373, in execute
    return self._execute_internal(
           ^^^^^^^^^^^^^^^^^^^^^^^
  File "D:\自媒体\漫画工作流\.venv-desktop\Lib\site-packages\sqlalchemy\orm\session.py", line 2261, in _execute_internal
    conn = self._connection_for_bind(bind)
           ^^^^^^^^^^^^^^^^^^^^^^^^^^^^^^^
  File "D:\自媒体\漫画工作流\.venv-desktop\Lib\site-packages\sqlalchemy\orm\session.py", line 2113, in _connection_for_bind
    return trans._connection_for_bind(engine, execution_options)
           ^^^^^^^^^^^^^^^^^^^^^^^^^^^^^^^^^^^^^^^^^^^^^^^^^^^^^
  File "<string>", line 2, in _connection_for_bind
  File "D:\自媒体\漫画工作流\.venv-desktop\Lib\site-packages\sqlalchemy\orm\state_changes.py", line 137, in _go
    ret_value = fn(self, *arg, **kw)
                ^^^^^^^^^^^^^^^^^^^^
  File "D:\自媒体\漫画工作流\.venv-desktop\Lib\site-packages\sqlalchemy\orm\session.py", line 1191, in _connection_for_bind
    conn = bind.connect()
           ^^^^^^^^^^^^^^
  File "D:\自媒体\漫画工作流\.venv-desktop\Lib\site-packages\sqlalchemy\engine\base.py", line 3295, in connect
    return self._connection_cls(self)
           ^^^^^^^^^^^^^^^^^^^^^^^^^^
  File "D:\自媒体\漫画工作流\.venv-desktop\Lib\site-packages\sqlalchemy\engine\base.py", line 144, in __init__
    self._dbapi_connection = engine.raw_connection()
                             ^^^^^^^^^^^^^^^^^^^^^^^
  File "D:\自媒体\漫画工作流\.venv-desktop\Lib\site-packages\sqlalchemy\engine\base.py", line 3319, in raw_connection
    return self.pool.connect()
           ^^^^^^^^^^^^^^^^^^^
  File "D:\自媒体\漫画工作流\.venv-desktop\Lib\site-packages\sqlalchemy\pool\base.py", line 448, in connect
    return _ConnectionFairy._checkout(self)
           ^^^^^^^^^^^^^^^^^^^^^^^^^^^^^^^^
  File "D:\自媒体\漫画工作流\.venv-desktop\Lib\site-packages\sqlalchemy\pool\base.py", line 1272, in _checkout
    fairy = _ConnectionRecord.checkout(pool)
            ^^^^^^^^^^^^^^^^^^^^^^^^^^^^^^^^
  File "D:\自媒体\漫画工作流\.venv-desktop\Lib\site-packages\sqlalchemy\pool\base.py", line 712, in checkout
    rec = pool._do_get()
          ^^^^^^^^^^^^^^
  File "D:\自媒体\漫画工作流\.venv-desktop\Lib\site-packages\sqlalchemy\pool\impl.py", line 167, in _do_get
    raise exc.TimeoutError(
sqlalchemy.exc.TimeoutError: QueuePool limit of size 5 overflow 10 reached, connection timed out, timeout 30.00 (Background on this error at: https://sqlalche.me/e/20/3o7r)
ERROR:    Exception in ASGI application
Traceback (most recent call last):
  File "D:\自媒体\漫画工作流\.venv-desktop\Lib\site-packages\uvicorn\protocols\http\httptools_impl.py", line 422, in run_asgi
    result = await app(  # type: ignore[func-returns-value]
             ^^^^^^^^^^^^^^^^^^^^^^^^^^^^^^^^^^^^^^^^^^^^^^
  File "D:\自媒体\漫画工作流\.venv-desktop\Lib\site-packages\uvicorn\middleware\proxy_headers.py", line 63, in __call__
    return await self.app(scope, receive, send)
           ^^^^^^^^^^^^^^^^^^^^^^^^^^^^^^^^^^^^
  File "D:\自媒体\漫画工作流\.venv-desktop\Lib\site-packages\fastapi\applications.py", line 1163, in __call__
    await super().__call__(scope, receive, send)
  File "D:\自媒体\漫画工作流\.venv-desktop\Lib\site-packages\starlette\applications.py", line 96, in __call__
    await self.middleware_stack(scope, receive, send)
  File "D:\自媒体\漫画工作流\.venv-desktop\Lib\site-packages\starlette\middleware\errors.py", line 186, in __call__
    raise exc
  File "D:\自媒体\漫画工作流\.venv-desktop\Lib\site-packages\starlette\middleware\errors.py", line 164, in __call__
    await self.app(scope, receive, _send)
  File "D:\自媒体\漫画工作流\.venv-desktop\Lib\site-packages\starlette\middleware\trustedhost.py", line 51, in __call__
    await self.app(scope, receive, send)
  File "D:\自媒体\漫画工作流\.venv-desktop\Lib\site-packages\starlette\middleware\cors.py", line 88, in __call__
    await self.app(scope, receive, send)
  File "D:\自媒体/漫画工作流/apps/api\app\request_limits.py", line 232, in __call__
    await self.app(scope, receive, send)
  File "D:\自媒体\漫画工作流\.venv-desktop\Lib\site-packages\starlette\middleware\exceptions.py", line 63, in __call__
    await wrap_app_handling_exceptions(self.app, conn)(scope, receive, send)
  File "D:\自媒体\漫画工作流\.venv-desktop\Lib\site-packages\starlette\_exception_handler.py", line 53, in wrapped_app
    raise exc
  File "D:\自媒体\漫画工作流\.venv-desktop\Lib\site-packages\starlette\_exception_handler.py", line 42, in wrapped_app
    await app(scope, receive, sender)
  File "D:\自媒体\漫画工作流\.venv-desktop\Lib\site-packages\fastapi\middleware\asyncexitstack.py", line 18, in __call__
    await self.app(scope, receive, send)
  File "D:\自媒体\漫画工作流\.venv-desktop\Lib\site-packages\starlette\routing.py", line 670, in __call__
    await self.middleware_stack(scope, receive, send)
  File "D:\自媒体\漫画工作流\.venv-desktop\Lib\site-packages\fastapi\routing.py", line 2683, in app
    await route.handle(scope, receive, send)
  File "D:\自媒体\漫画工作流\.venv-desktop\Lib\site-packages\fastapi\routing.py", line 1753, in handle
    await self.original_router.handle(scope, receive, send)
  File "D:\自媒体\漫画工作流\.venv-desktop\Lib\site-packages\fastapi\routing.py", line 2738, in handle
    await included_router._handle_selected(scope, receive, send)
  File "D:\自媒体\漫画工作流\.venv-desktop\Lib\site-packages\fastapi\routing.py", line 1764, in _handle_selected
    await route.handle(scope, receive, send)
  File "D:\自媒体\漫画工作流\.venv-desktop\Lib\site-packages\fastapi\routing.py", line 1753, in handle
    await self.original_router.handle(scope, receive, send)
  File "D:\自媒体\漫画工作流\.venv-desktop\Lib\site-packages\fastapi\routing.py", line 2738, in handle
    await included_router._handle_selected(scope, receive, send)
  File "D:\自媒体\漫画工作流\.venv-desktop\Lib\site-packages\fastapi\routing.py", line 1773, in _handle_selected
    await original_route.handle(scope, receive, send)
  File "D:\自媒体\漫画工作流\.venv-desktop\Lib\site-packages\fastapi\routing.py", line 1264, in handle
    await app(scope, receive, send)
  File "D:\自媒体\漫画工作流\.venv-desktop\Lib\site-packages\fastapi\routing.py", line 150, in app
    await wrap_app_handling_exceptions(app, request)(scope, receive, send)
  File "D:\自媒体\漫画工作流\.venv-desktop\Lib\site-packages\starlette\_exception_handler.py", line 53, in wrapped_app
    raise exc
  File "D:\自媒体\漫画工作流\.venv-desktop\Lib\site-packages\starlette\_exception_handler.py", line 42, in wrapped_app
    await app(scope, receive, sender)
  File "D:\自媒体\漫画工作流\.venv-desktop\Lib\site-packages\fastapi\routing.py", line 136, in app
    response = await f(request)
               ^^^^^^^^^^^^^^^^
  File "D:\自媒体\漫画工作流\.venv-desktop\Lib\site-packages\fastapi\routing.py", line 690, in app
    raw_response = await run_endpoint_function(
                   ^^^^^^^^^^^^^^^^^^^^^^^^^^^^
  File "D:\自媒体\漫画工作流\.venv-desktop\Lib\site-packages\fastapi\routing.py", line 346, in run_endpoint_function
    return await run_in_threadpool(dependant.call, **values)
           ^^^^^^^^^^^^^^^^^^^^^^^^^^^^^^^^^^^^^^^^^^^^^^^^^
  File "D:\自媒体\漫画工作流\.venv-desktop\Lib\site-packages\starlette\concurrency.py", line 34, in run_in_threadpool
    return await anyio.to_thread.run_sync(func)
           ^^^^^^^^^^^^^^^^^^^^^^^^^^^^^^^^^^^^
  File "D:\自媒体\漫画工作流\.venv-desktop\Lib\site-packages\anyio\to_thread.py", line 65, in run_sync
    return await get_async_backend().run_sync_in_worker_thread(
           ^^^^^^^^^^^^^^^^^^^^^^^^^^^^^^^^^^^^^^^^^^^^^^^^^^^^
  File "D:\自媒体\漫画工作流\.venv-desktop\Lib\site-packages\anyio\_backends\_asyncio.py", line 2706, in run_sync_in_worker_thread
    return await future
           ^^^^^^^^^^^^
  File "D:\自媒体\漫画工作流\.venv-desktop\Lib\site-packages\anyio\_backends\_asyncio.py", line 1100, in run
    result = context.run(func, *args)
             ^^^^^^^^^^^^^^^^^^^^^^^^
  File "D:\自媒体/漫画工作流/apps/api\app\api\routes\uploads.py", line 706, in asset_thumbnail
    asset = db.get(Asset, asset_id)
            ^^^^^^^^^^^^^^^^^^^^^^^
  File "D:\自媒体\漫画工作流\.venv-desktop\Lib\site-packages\sqlalchemy\orm\session.py", line 3702, in get
    return self._get_impl(
           ^^^^^^^^^^^^^^^
  File "D:\自媒体\漫画工作流\.venv-desktop\Lib\site-packages\sqlalchemy\orm\session.py", line 3881, in _get_impl
    return db_load_fn(
           ^^^^^^^^^^^
  File "D:\自媒体\漫画工作流\.venv-desktop\Lib\site-packages\sqlalchemy\orm\loading.py", line 695, in load_on_pk_identity
    session.execute(
  File "D:\自媒体\漫画工作流\.venv-desktop\Lib\site-packages\sqlalchemy\orm\session.py", line 2373, in execute
    return self._execute_internal(
           ^^^^^^^^^^^^^^^^^^^^^^^
  File "D:\自媒体\漫画工作流\.venv-desktop\Lib\site-packages\sqlalchemy\orm\session.py", line 2261, in _execute_internal
    conn = self._connection_for_bind(bind)
           ^^^^^^^^^^^^^^^^^^^^^^^^^^^^^^^
  File "D:\自媒体\漫画工作流\.venv-desktop\Lib\site-packages\sqlalchemy\orm\session.py", line 2113, in _connection_for_bind
    return trans._connection_for_bind(engine, execution_options)
           ^^^^^^^^^^^^^^^^^^^^^^^^^^^^^^^^^^^^^^^^^^^^^^^^^^^^^
  File "<string>", line 2, in _connection_for_bind
  File "D:\自媒体\漫画工作流\.venv-desktop\Lib\site-packages\sqlalchemy\orm\state_changes.py", line 137, in _go
    ret_value = fn(self, *arg, **kw)
                ^^^^^^^^^^^^^^^^^^^^
  File "D:\自媒体\漫画工作流\.venv-desktop\Lib\site-packages\sqlalchemy\orm\session.py", line 1191, in _connection_for_bind
    conn = bind.connect()
           ^^^^^^^^^^^^^^
  File "D:\自媒体\漫画工作流\.venv-desktop\Lib\site-packages\sqlalchemy\engine\base.py", line 3295, in connect
    return self._connection_cls(self)
           ^^^^^^^^^^^^^^^^^^^^^^^^^^
  File "D:\自媒体\漫画工作流\.venv-desktop\Lib\site-packages\sqlalchemy\engine\base.py", line 144, in __init__
    self._dbapi_connection = engine.raw_connection()
                             ^^^^^^^^^^^^^^^^^^^^^^^
  File "D:\自媒体\漫画工作流\.venv-desktop\Lib\site-packages\sqlalchemy\engine\base.py", line 3319, in raw_connection
    return self.pool.connect()
           ^^^^^^^^^^^^^^^^^^^
  File "D:\自媒体\漫画工作流\.venv-desktop\Lib\site-packages\sqlalchemy\pool\base.py", line 448, in connect
    return _ConnectionFairy._checkout(self)
           ^^^^^^^^^^^^^^^^^^^^^^^^^^^^^^^^
  File "D:\自媒体\漫画工作流\.venv-desktop\Lib\site-packages\sqlalchemy\pool\base.py", line 1272, in _checkout
    fairy = _ConnectionRecord.checkout(pool)
            ^^^^^^^^^^^^^^^^^^^^^^^^^^^^^^^^
  File "D:\自媒体\漫画工作流\.venv-desktop\Lib\site-packages\sqlalchemy\pool\base.py", line 712, in checkout
    rec = pool._do_get()
          ^^^^^^^^^^^^^^
  File "D:\自媒体\漫画工作流\.venv-desktop\Lib\site-packages\sqlalchemy\pool\impl.py", line 167, in _do_get
    raise exc.TimeoutError(
sqlalchemy.exc.TimeoutError: QueuePool limit of size 5 overflow 10 reached, connection timed out, timeout 30.00 (Background on this error at: https://sqlalche.me/e/20/3o7r)
ERROR:    Exception in ASGI application
Traceback (most recent call last):
  File "D:\自媒体\漫画工作流\.venv-desktop\Lib\site-packages\uvicorn\protocols\http\httptools_impl.py", line 422, in run_asgi
    result = await app(  # type: ignore[func-returns-value]
             ^^^^^^^^^^^^^^^^^^^^^^^^^^^^^^^^^^^^^^^^^^^^^^
  File "D:\自媒体\漫画工作流\.venv-desktop\Lib\site-packages\uvicorn\middleware\proxy_headers.py", line 63, in __call__
    return await self.app(scope, receive, send)
           ^^^^^^^^^^^^^^^^^^^^^^^^^^^^^^^^^^^^
  File "D:\自媒体\漫画工作流\.venv-desktop\Lib\site-packages\fastapi\applications.py", line 1163, in __call__
    await super().__call__(scope, receive, send)
  File "D:\自媒体\漫画工作流\.venv-desktop\Lib\site-packages\starlette\applications.py", line 96, in __call__
    await self.middleware_stack(scope, receive, send)
  File "D:\自媒体\漫画工作流\.venv-desktop\Lib\site-packages\starlette\middleware\errors.py", line 186, in __call__
    raise exc
  File "D:\自媒体\漫画工作流\.venv-desktop\Lib\site-packages\starlette\middleware\errors.py", line 164, in __call__
    await self.app(scope, receive, _send)
  File "D:\自媒体\漫画工作流\.venv-desktop\Lib\site-packages\starlette\middleware\trustedhost.py", line 51, in __call__
    await self.app(scope, receive, send)
  File "D:\自媒体\漫画工作流\.venv-desktop\Lib\site-packages\starlette\middleware\cors.py", line 88, in __call__
    await self.app(scope, receive, send)
  File "D:\自媒体/漫画工作流/apps/api\app\request_limits.py", line 232, in __call__
    await self.app(scope, receive, send)
  File "D:\自媒体\漫画工作流\.venv-desktop\Lib\site-packages\starlette\middleware\exceptions.py", line 63, in __call__
    await wrap_app_handling_exceptions(self.app, conn)(scope, receive, send)
  File "D:\自媒体\漫画工作流\.venv-desktop\Lib\site-packages\starlette\_exception_handler.py", line 53, in wrapped_app
    raise exc
  File "D:\自媒体\漫画工作流\.venv-desktop\Lib\site-packages\starlette\_exception_handler.py", line 42, in wrapped_app
    await app(scope, receive, sender)
  File "D:\自媒体\漫画工作流\.venv-desktop\Lib\site-packages\fastapi\middleware\asyncexitstack.py", line 18, in __call__
    await self.app(scope, receive, send)
  File "D:\自媒体\漫画工作流\.venv-desktop\Lib\site-packages\starlette\routing.py", line 670, in __call__
    await self.middleware_stack(scope, receive, send)
  File "D:\自媒体\漫画工作流\.venv-desktop\Lib\site-packages\fastapi\routing.py", line 2683, in app
    await route.handle(scope, receive, send)
  File "D:\自媒体\漫画工作流\.venv-desktop\Lib\site-packages\fastapi\routing.py", line 1753, in handle
    await self.original_router.handle(scope, receive, send)
  File "D:\自媒体\漫画工作流\.venv-desktop\Lib\site-packages\fastapi\routing.py", line 2738, in handle
    await included_router._handle_selected(scope, receive, send)
  File "D:\自媒体\漫画工作流\.venv-desktop\Lib\site-packages\fastapi\routing.py", line 1764, in _handle_selected
    await route.handle(scope, receive, send)
  File "D:\自媒体\漫画工作流\.venv-desktop\Lib\site-packages\fastapi\routing.py", line 1753, in handle
    await self.original_router.handle(scope, receive, send)
  File "D:\自媒体\漫画工作流\.venv-desktop\Lib\site-packages\fastapi\routing.py", line 2738, in handle
    await included_router._handle_selected(scope, receive, send)
  File "D:\自媒体\漫画工作流\.venv-desktop\Lib\site-packages\fastapi\routing.py", line 1773, in _handle_selected
    await original_route.handle(scope, receive, send)
  File "D:\自媒体\漫画工作流\.venv-desktop\Lib\site-packages\fastapi\routing.py", line 1264, in handle
    await app(scope, receive, send)
  File "D:\自媒体\漫画工作流\.venv-desktop\Lib\site-packages\fastapi\routing.py", line 150, in app
    await wrap_app_handling_exceptions(app, request)(scope, receive, send)
  File "D:\自媒体\漫画工作流\.venv-desktop\Lib\site-packages\starlette\_exception_handler.py", line 53, in wrapped_app
    raise exc
  File "D:\自媒体\漫画工作流\.venv-desktop\Lib\site-packages\starlette\_exception_handler.py", line 42, in wrapped_app
    await app(scope, receive, sender)
  File "D:\自媒体\漫画工作流\.venv-desktop\Lib\site-packages\fastapi\routing.py", line 136, in app
    response = await f(request)
               ^^^^^^^^^^^^^^^^
  File "D:\自媒体\漫画工作流\.venv-desktop\Lib\site-packages\fastapi\routing.py", line 690, in app
    raw_response = await run_endpoint_function(
                   ^^^^^^^^^^^^^^^^^^^^^^^^^^^^
  File "D:\自媒体\漫画工作流\.venv-desktop\Lib\site-packages\fastapi\routing.py", line 346, in run_endpoint_function
    return await run_in_threadpool(dependant.call, **values)
           ^^^^^^^^^^^^^^^^^^^^^^^^^^^^^^^^^^^^^^^^^^^^^^^^^
  File "D:\自媒体\漫画工作流\.venv-desktop\Lib\site-packages\starlette\concurrency.py", line 34, in run_in_threadpool
    return await anyio.to_thread.run_sync(func)
           ^^^^^^^^^^^^^^^^^^^^^^^^^^^^^^^^^^^^
  File "D:\自媒体\漫画工作流\.venv-desktop\Lib\site-packages\anyio\to_thread.py", line 65, in run_sync
    return await get_async_backend().run_sync_in_worker_thread(
           ^^^^^^^^^^^^^^^^^^^^^^^^^^^^^^^^^^^^^^^^^^^^^^^^^^^^
  File "D:\自媒体\漫画工作流\.venv-desktop\Lib\site-packages\anyio\_backends\_asyncio.py", line 2706, in run_sync_in_worker_thread
    return await future
           ^^^^^^^^^^^^
  File "D:\自媒体\漫画工作流\.venv-desktop\Lib\site-packages\anyio\_backends\_asyncio.py", line 1100, in run
    result = context.run(func, *args)
             ^^^^^^^^^^^^^^^^^^^^^^^^
  File "D:\自媒体/漫画工作流/apps/api\app\api\routes\uploads.py", line 706, in asset_thumbnail
    asset = db.get(Asset, asset_id)
            ^^^^^^^^^^^^^^^^^^^^^^^
  File "D:\自媒体\漫画工作流\.venv-desktop\Lib\site-packages\sqlalchemy\orm\session.py", line 3702, in get
    return self._get_impl(
           ^^^^^^^^^^^^^^^
  File "D:\自媒体\漫画工作流\.venv-desktop\Lib\site-packages\sqlalchemy\orm\session.py", line 3881, in _get_impl
    return db_load_fn(
           ^^^^^^^^^^^
  File "D:\自媒体\漫画工作流\.venv-desktop\Lib\site-packages\sqlalchemy\orm\loading.py", line 695, in load_on_pk_identity
    session.execute(
  File "D:\自媒体\漫画工作流\.venv-desktop\Lib\site-packages\sqlalchemy\orm\session.py", line 2373, in execute
    return self._execute_internal(
           ^^^^^^^^^^^^^^^^^^^^^^^
  File "D:\自媒体\漫画工作流\.venv-desktop\Lib\site-packages\sqlalchemy\orm\session.py", line 2261, in _execute_internal
    conn = self._connection_for_bind(bind)
           ^^^^^^^^^^^^^^^^^^^^^^^^^^^^^^^
  File "D:\自媒体\漫画工作流\.venv-desktop\Lib\site-packages\sqlalchemy\orm\session.py", line 2113, in _connection_for_bind
    return trans._connection_for_bind(engine, execution_options)
           ^^^^^^^^^^^^^^^^^^^^^^^^^^^^^^^^^^^^^^^^^^^^^^^^^^^^^
  File "<string>", line 2, in _connection_for_bind
  File "D:\自媒体\漫画工作流\.venv-desktop\Lib\site-packages\sqlalchemy\orm\state_changes.py", line 137, in _go
    ret_value = fn(self, *arg, **kw)
                ^^^^^^^^^^^^^^^^^^^^
  File "D:\自媒体\漫画工作流\.venv-desktop\Lib\site-packages\sqlalchemy\orm\session.py", line 1191, in _connection_for_bind
    conn = bind.connect()
           ^^^^^^^^^^^^^^
  File "D:\自媒体\漫画工作流\.venv-desktop\Lib\site-packages\sqlalchemy\engine\base.py", line 3295, in connect
    return self._connection_cls(self)
           ^^^^^^^^^^^^^^^^^^^^^^^^^^
  File "D:\自媒体\漫画工作流\.venv-desktop\Lib\site-packages\sqlalchemy\engine\base.py", line 144, in __init__
    self._dbapi_connection = engine.raw_connection()
                             ^^^^^^^^^^^^^^^^^^^^^^^
  File "D:\自媒体\漫画工作流\.venv-desktop\Lib\site-packages\sqlalchemy\engine\base.py", line 3319, in raw_connection
    return self.pool.connect()
           ^^^^^^^^^^^^^^^^^^^
  File "D:\自媒体\漫画工作流\.venv-desktop\Lib\site-packages\sqlalchemy\pool\base.py", line 448, in connect
    return _ConnectionFairy._checkout(self)
           ^^^^^^^^^^^^^^^^^^^^^^^^^^^^^^^^
  File "D:\自媒体\漫画工作流\.venv-desktop\Lib\site-packages\sqlalchemy\pool\base.py", line 1272, in _checkout
    fairy = _ConnectionRecord.checkout(pool)
            ^^^^^^^^^^^^^^^^^^^^^^^^^^^^^^^^
  File "D:\自媒体\漫画工作流\.venv-desktop\Lib\site-packages\sqlalchemy\pool\base.py", line 712, in checkout
    rec = pool._do_get()
          ^^^^^^^^^^^^^^
  File "D:\自媒体\漫画工作流\.venv-desktop\Lib\site-packages\sqlalchemy\pool\impl.py", line 167, in _do_get
    raise exc.TimeoutError(
sqlalchemy.exc.TimeoutError: QueuePool limit of size 5 overflow 10 reached, connection timed out, timeout 30.00 (Background on this error at: https://sqlalche.me/e/20/3o7r)
ERROR:    Exception in ASGI application
Traceback (most recent call last):
  File "D:\自媒体\漫画工作流\.venv-desktop\Lib\site-packages\uvicorn\protocols\http\httptools_impl.py", line 422, in run_asgi
    result = await app(  # type: ignore[func-returns-value]
             ^^^^^^^^^^^^^^^^^^^^^^^^^^^^^^^^^^^^^^^^^^^^^^
  File "D:\自媒体\漫画工作流\.venv-desktop\Lib\site-packages\uvicorn\middleware\proxy_headers.py", line 63, in __call__
    return await self.app(scope, receive, send)
           ^^^^^^^^^^^^^^^^^^^^^^^^^^^^^^^^^^^^
  File "D:\自媒体\漫画工作流\.venv-desktop\Lib\site-packages\fastapi\applications.py", line 1163, in __call__
    await super().__call__(scope, receive, send)
  File "D:\自媒体\漫画工作流\.venv-desktop\Lib\site-packages\starlette\applications.py", line 96, in __call__
    await self.middleware_stack(scope, receive, send)
  File "D:\自媒体\漫画工作流\.venv-desktop\Lib\site-packages\starlette\middleware\errors.py", line 186, in __call__
    raise exc
  File "D:\自媒体\漫画工作流\.venv-desktop\Lib\site-packages\starlette\middleware\errors.py", line 164, in __call__
    await self.app(scope, receive, _send)
  File "D:\自媒体\漫画工作流\.venv-desktop\Lib\site-packages\starlette\middleware\trustedhost.py", line 51, in __call__
    await self.app(scope, receive, send)
  File "D:\自媒体\漫画工作流\.venv-desktop\Lib\site-packages\starlette\middleware\cors.py", line 88, in __call__
    await self.app(scope, receive, send)
  File "D:\自媒体/漫画工作流/apps/api\app\request_limits.py", line 232, in __call__
    await self.app(scope, receive, send)
  File "D:\自媒体\漫画工作流\.venv-desktop\Lib\site-packages\starlette\middleware\exceptions.py", line 63, in __call__
    await wrap_app_handling_exceptions(self.app, conn)(scope, receive, send)
  File "D:\自媒体\漫画工作流\.venv-desktop\Lib\site-packages\starlette\_exception_handler.py", line 53, in wrapped_app
    raise exc
  File "D:\自媒体\漫画工作流\.venv-desktop\Lib\site-packages\starlette\_exception_handler.py", line 42, in wrapped_app
    await app(scope, receive, sender)
  File "D:\自媒体\漫画工作流\.venv-desktop\Lib\site-packages\fastapi\middleware\asyncexitstack.py", line 18, in __call__
    await self.app(scope, receive, send)
  File "D:\自媒体\漫画工作流\.venv-desktop\Lib\site-packages\starlette\routing.py", line 670, in __call__
    await self.middleware_stack(scope, receive, send)
  File "D:\自媒体\漫画工作流\.venv-desktop\Lib\site-packages\fastapi\routing.py", line 2683, in app
    await route.handle(scope, receive, send)
  File "D:\自媒体\漫画工作流\.venv-desktop\Lib\site-packages\fastapi\routing.py", line 1753, in handle
    await self.original_router.handle(scope, receive, send)
  File "D:\自媒体\漫画工作流\.venv-desktop\Lib\site-packages\fastapi\routing.py", line 2738, in handle
    await included_router._handle_selected(scope, receive, send)
  File "D:\自媒体\漫画工作流\.venv-desktop\Lib\site-packages\fastapi\routing.py", line 1764, in _handle_selected
    await route.handle(scope, receive, send)
  File "D:\自媒体\漫画工作流\.venv-desktop\Lib\site-packages\fastapi\routing.py", line 1753, in handle
    await self.original_router.handle(scope, receive, send)
  File "D:\自媒体\漫画工作流\.venv-desktop\Lib\site-packages\fastapi\routing.py", line 2738, in handle
    await included_router._handle_selected(scope, receive, send)
  File "D:\自媒体\漫画工作流\.venv-desktop\Lib\site-packages\fastapi\routing.py", line 1773, in _handle_selected
    await original_route.handle(scope, receive, send)
  File "D:\自媒体\漫画工作流\.venv-desktop\Lib\site-packages\fastapi\routing.py", line 1264, in handle
    await app(scope, receive, send)
  File "D:\自媒体\漫画工作流\.venv-desktop\Lib\site-packages\fastapi\routing.py", line 150, in app
    await wrap_app_handling_exceptions(app, request)(scope, receive, send)
  File "D:\自媒体\漫画工作流\.venv-desktop\Lib\site-packages\starlette\_exception_handler.py", line 53, in wrapped_app
    raise exc
  File "D:\自媒体\漫画工作流\.venv-desktop\Lib\site-packages\starlette\_exception_handler.py", line 42, in wrapped_app
    await app(scope, receive, sender)
  File "D:\自媒体\漫画工作流\.venv-desktop\Lib\site-packages\fastapi\routing.py", line 136, in app
    response = await f(request)
               ^^^^^^^^^^^^^^^^
  File "D:\自媒体\漫画工作流\.venv-desktop\Lib\site-packages\fastapi\routing.py", line 690, in app
    raw_response = await run_endpoint_function(
                   ^^^^^^^^^^^^^^^^^^^^^^^^^^^^
  File "D:\自媒体\漫画工作流\.venv-desktop\Lib\site-packages\fastapi\routing.py", line 346, in run_endpoint_function
    return await run_in_threadpool(dependant.call, **values)
           ^^^^^^^^^^^^^^^^^^^^^^^^^^^^^^^^^^^^^^^^^^^^^^^^^
  File "D:\自媒体\漫画工作流\.venv-desktop\Lib\site-packages\starlette\concurrency.py", line 34, in run_in_threadpool
    return await anyio.to_thread.run_sync(func)
           ^^^^^^^^^^^^^^^^^^^^^^^^^^^^^^^^^^^^
  File "D:\自媒体\漫画工作流\.venv-desktop\Lib\site-packages\anyio\to_thread.py", line 65, in run_sync
    return await get_async_backend().run_sync_in_worker_thread(
           ^^^^^^^^^^^^^^^^^^^^^^^^^^^^^^^^^^^^^^^^^^^^^^^^^^^^
  File "D:\自媒体\漫画工作流\.venv-desktop\Lib\site-packages\anyio\_backends\_asyncio.py", line 2706, in run_sync_in_worker_thread
    return await future
           ^^^^^^^^^^^^
  File "D:\自媒体\漫画工作流\.venv-desktop\Lib\site-packages\anyio\_backends\_asyncio.py", line 1100, in run
    result = context.run(func, *args)
             ^^^^^^^^^^^^^^^^^^^^^^^^
  File "D:\自媒体/漫画工作流/apps/api\app\api\routes\uploads.py", line 706, in asset_thumbnail
    asset = db.get(Asset, asset_id)
            ^^^^^^^^^^^^^^^^^^^^^^^
  File "D:\自媒体\漫画工作流\.venv-desktop\Lib\site-packages\sqlalchemy\orm\session.py", line 3702, in get
    return self._get_impl(
           ^^^^^^^^^^^^^^^
  File "D:\自媒体\漫画工作流\.venv-desktop\Lib\site-packages\sqlalchemy\orm\session.py", line 3881, in _get_impl
    return db_load_fn(
           ^^^^^^^^^^^
  File "D:\自媒体\漫画工作流\.venv-desktop\Lib\site-packages\sqlalchemy\orm\loading.py", line 695, in load_on_pk_identity
    session.execute(
  File "D:\自媒体\漫画工作流\.venv-desktop\Lib\site-packages\sqlalchemy\orm\session.py", line 2373, in execute
    return self._execute_internal(
           ^^^^^^^^^^^^^^^^^^^^^^^
  File "D:\自媒体\漫画工作流\.venv-desktop\Lib\site-packages\sqlalchemy\orm\session.py", line 2261, in _execute_internal
    conn = self._connection_for_bind(bind)
           ^^^^^^^^^^^^^^^^^^^^^^^^^^^^^^^
  File "D:\自媒体\漫画工作流\.venv-desktop\Lib\site-packages\sqlalchemy\orm\session.py", line 2113, in _connection_for_bind
    return trans._connection_for_bind(engine, execution_options)
           ^^^^^^^^^^^^^^^^^^^^^^^^^^^^^^^^^^^^^^^^^^^^^^^^^^^^^
  File "<string>", line 2, in _connection_for_bind
  File "D:\自媒体\漫画工作流\.venv-desktop\Lib\site-packages\sqlalchemy\orm\state_changes.py", line 137, in _go
    ret_value = fn(self, *arg, **kw)
                ^^^^^^^^^^^^^^^^^^^^
  File "D:\自媒体\漫画工作流\.venv-desktop\Lib\site-packages\sqlalchemy\orm\session.py", line 1191, in _connection_for_bind
    conn = bind.connect()
           ^^^^^^^^^^^^^^
  File "D:\自媒体\漫画工作流\.venv-desktop\Lib\site-packages\sqlalchemy\engine\base.py", line 3295, in connect
    return self._connection_cls(self)
           ^^^^^^^^^^^^^^^^^^^^^^^^^^
  File "D:\自媒体\漫画工作流\.venv-desktop\Lib\site-packages\sqlalchemy\engine\base.py", line 144, in __init__
    self._dbapi_connection = engine.raw_connection()
                             ^^^^^^^^^^^^^^^^^^^^^^^
  File "D:\自媒体\漫画工作流\.venv-desktop\Lib\site-packages\sqlalchemy\engine\base.py", line 3319, in raw_connection
    return self.pool.connect()
           ^^^^^^^^^^^^^^^^^^^
  File "D:\自媒体\漫画工作流\.venv-desktop\Lib\site-packages\sqlalchemy\pool\base.py", line 448, in connect
    return _ConnectionFairy._checkout(self)
           ^^^^^^^^^^^^^^^^^^^^^^^^^^^^^^^^
  File "D:\自媒体\漫画工作流\.venv-desktop\Lib\site-packages\sqlalchemy\pool\base.py", line 1272, in _checkout
    fairy = _ConnectionRecord.checkout(pool)
            ^^^^^^^^^^^^^^^^^^^^^^^^^^^^^^^^
  File "D:\自媒体\漫画工作流\.venv-desktop\Lib\site-packages\sqlalchemy\pool\base.py", line 712, in checkout
    rec = pool._do_get()
          ^^^^^^^^^^^^^^
  File "D:\自媒体\漫画工作流\.venv-desktop\Lib\site-packages\sqlalchemy\pool\impl.py", line 167, in _do_get
    raise exc.TimeoutError(
sqlalchemy.exc.TimeoutError: QueuePool limit of size 5 overflow 10 reached, connection timed out, timeout 30.00 (Background on this error at: https://sqlalche.me/e/20/3o7r)
ERROR:    Exception in ASGI application
Traceback (most recent call last):
  File "D:\自媒体\漫画工作流\.venv-desktop\Lib\site-packages\uvicorn\protocols\http\httptools_impl.py", line 422, in run_asgi
    result = await app(  # type: ignore[func-returns-value]
             ^^^^^^^^^^^^^^^^^^^^^^^^^^^^^^^^^^^^^^^^^^^^^^
  File "D:\自媒体\漫画工作流\.venv-desktop\Lib\site-packages\uvicorn\middleware\proxy_headers.py", line 63, in __call__
    return await self.app(scope, receive, send)
           ^^^^^^^^^^^^^^^^^^^^^^^^^^^^^^^^^^^^
  File "D:\自媒体\漫画工作流\.venv-desktop\Lib\site-packages\fastapi\applications.py", line 1163, in __call__
    await super().__call__(scope, receive, send)
  File "D:\自媒体\漫画工作流\.venv-desktop\Lib\site-packages\starlette\applications.py", line 96, in __call__
    await self.middleware_stack(scope, receive, send)
  File "D:\自媒体\漫画工作流\.venv-desktop\Lib\site-packages\starlette\middleware\errors.py", line 186, in __call__
    raise exc
  File "D:\自媒体\漫画工作流\.venv-desktop\Lib\site-packages\starlette\middleware\errors.py", line 164, in __call__
    await self.app(scope, receive, _send)
  File "D:\自媒体\漫画工作流\.venv-desktop\Lib\site-packages\starlette\middleware\trustedhost.py", line 51, in __call__
    await self.app(scope, receive, send)
  File "D:\自媒体\漫画工作流\.venv-desktop\Lib\site-packages\starlette\middleware\cors.py", line 88, in __call__
    await self.app(scope, receive, send)
  File "D:\自媒体/漫画工作流/apps/api\app\request_limits.py", line 232, in __call__
    await self.app(scope, receive, send)
  File "D:\自媒体\漫画工作流\.venv-desktop\Lib\site-packages\starlette\middleware\exceptions.py", line 63, in __call__
    await wrap_app_handling_exceptions(self.app, conn)(scope, receive, send)
  File "D:\自媒体\漫画工作流\.venv-desktop\Lib\site-packages\starlette\_exception_handler.py", line 53, in wrapped_app
    raise exc
  File "D:\自媒体\漫画工作流\.venv-desktop\Lib\site-packages\starlette\_exception_handler.py", line 42, in wrapped_app
    await app(scope, receive, sender)
  File "D:\自媒体\漫画工作流\.venv-desktop\Lib\site-packages\fastapi\middleware\asyncexitstack.py", line 18, in __call__
    await self.app(scope, receive, send)
  File "D:\自媒体\漫画工作流\.venv-desktop\Lib\site-packages\starlette\routing.py", line 670, in __call__
    await self.middleware_stack(scope, receive, send)
  File "D:\自媒体\漫画工作流\.venv-desktop\Lib\site-packages\fastapi\routing.py", line 2683, in app
    await route.handle(scope, receive, send)
  File "D:\自媒体\漫画工作流\.venv-desktop\Lib\site-packages\fastapi\routing.py", line 1753, in handle
    await self.original_router.handle(scope, receive, send)
  File "D:\自媒体\漫画工作流\.venv-desktop\Lib\site-packages\fastapi\routing.py", line 2738, in handle
    await included_router._handle_selected(scope, receive, send)
  File "D:\自媒体\漫画工作流\.venv-desktop\Lib\site-packages\fastapi\routing.py", line 1764, in _handle_selected
    await route.handle(scope, receive, send)
  File "D:\自媒体\漫画工作流\.venv-desktop\Lib\site-packages\fastapi\routing.py", line 1753, in handle
    await self.original_router.handle(scope, receive, send)
  File "D:\自媒体\漫画工作流\.venv-desktop\Lib\site-packages\fastapi\routing.py", line 2738, in handle
    await included_router._handle_selected(scope, receive, send)
  File "D:\自媒体\漫画工作流\.venv-desktop\Lib\site-packages\fastapi\routing.py", line 1773, in _handle_selected
    await original_route.handle(scope, receive, send)
  File "D:\自媒体\漫画工作流\.venv-desktop\Lib\site-packages\fastapi\routing.py", line 1264, in handle
    await app(scope, receive, send)
  File "D:\自媒体\漫画工作流\.venv-desktop\Lib\site-packages\fastapi\routing.py", line 150, in app
    await wrap_app_handling_exceptions(app, request)(scope, receive, send)
  File "D:\自媒体\漫画工作流\.venv-desktop\Lib\site-packages\starlette\_exception_handler.py", line 53, in wrapped_app
    raise exc
  File "D:\自媒体\漫画工作流\.venv-desktop\Lib\site-packages\starlette\_exception_handler.py", line 42, in wrapped_app
    await app(scope, receive, sender)
  File "D:\自媒体\漫画工作流\.venv-desktop\Lib\site-packages\fastapi\routing.py", line 136, in app
    response = await f(request)
               ^^^^^^^^^^^^^^^^
  File "D:\自媒体\漫画工作流\.venv-desktop\Lib\site-packages\fastapi\routing.py", line 690, in app
    raw_response = await run_endpoint_function(
                   ^^^^^^^^^^^^^^^^^^^^^^^^^^^^
  File "D:\自媒体\漫画工作流\.venv-desktop\Lib\site-packages\fastapi\routing.py", line 346, in run_endpoint_function
    return await run_in_threadpool(dependant.call, **values)
           ^^^^^^^^^^^^^^^^^^^^^^^^^^^^^^^^^^^^^^^^^^^^^^^^^
  File "D:\自媒体\漫画工作流\.venv-desktop\Lib\site-packages\starlette\concurrency.py", line 34, in run_in_threadpool
    return await anyio.to_thread.run_sync(func)
           ^^^^^^^^^^^^^^^^^^^^^^^^^^^^^^^^^^^^
  File "D:\自媒体\漫画工作流\.venv-desktop\Lib\site-packages\anyio\to_thread.py", line 65, in run_sync
    return await get_async_backend().run_sync_in_worker_thread(
           ^^^^^^^^^^^^^^^^^^^^^^^^^^^^^^^^^^^^^^^^^^^^^^^^^^^^
  File "D:\自媒体\漫画工作流\.venv-desktop\Lib\site-packages\anyio\_backends\_asyncio.py", line 2706, in run_sync_in_worker_thread
    return await future
           ^^^^^^^^^^^^
  File "D:\自媒体\漫画工作流\.venv-desktop\Lib\site-packages\anyio\_backends\_asyncio.py", line 1100, in run
    result = context.run(func, *args)
             ^^^^^^^^^^^^^^^^^^^^^^^^
  File "D:\自媒体/漫画工作流/apps/api\app\api\routes\uploads.py", line 706, in asset_thumbnail
    asset = db.get(Asset, asset_id)
            ^^^^^^^^^^^^^^^^^^^^^^^
  File "D:\自媒体\漫画工作流\.venv-desktop\Lib\site-packages\sqlalchemy\orm\session.py", line 3702, in get
    return self._get_impl(
           ^^^^^^^^^^^^^^^
  File "D:\自媒体\漫画工作流\.venv-desktop\Lib\site-packages\sqlalchemy\orm\session.py", line 3881, in _get_impl
    return db_load_fn(
           ^^^^^^^^^^^
  File "D:\自媒体\漫画工作流\.venv-desktop\Lib\site-packages\sqlalchemy\orm\loading.py", line 695, in load_on_pk_identity
    session.execute(
  File "D:\自媒体\漫画工作流\.venv-desktop\Lib\site-packages\sqlalchemy\orm\session.py", line 2373, in execute
    return self._execute_internal(
           ^^^^^^^^^^^^^^^^^^^^^^^
  File "D:\自媒体\漫画工作流\.venv-desktop\Lib\site-packages\sqlalchemy\orm\session.py", line 2261, in _execute_internal
    conn = self._connection_for_bind(bind)
           ^^^^^^^^^^^^^^^^^^^^^^^^^^^^^^^
  File "D:\自媒体\漫画工作流\.venv-desktop\Lib\site-packages\sqlalchemy\orm\session.py", line 2113, in _connection_for_bind
    return trans._connection_for_bind(engine, execution_options)
           ^^^^^^^^^^^^^^^^^^^^^^^^^^^^^^^^^^^^^^^^^^^^^^^^^^^^^
  File "<string>", line 2, in _connection_for_bind
  File "D:\自媒体\漫画工作流\.venv-desktop\Lib\site-packages\sqlalchemy\orm\state_changes.py", line 137, in _go
    ret_value = fn(self, *arg, **kw)
                ^^^^^^^^^^^^^^^^^^^^
  File "D:\自媒体\漫画工作流\.venv-desktop\Lib\site-packages\sqlalchemy\orm\session.py", line 1191, in _connection_for_bind
    conn = bind.connect()
           ^^^^^^^^^^^^^^
  File "D:\自媒体\漫画工作流\.venv-desktop\Lib\site-packages\sqlalchemy\engine\base.py", line 3295, in connect
    return self._connection_cls(self)
           ^^^^^^^^^^^^^^^^^^^^^^^^^^
  File "D:\自媒体\漫画工作流\.venv-desktop\Lib\site-packages\sqlalchemy\engine\base.py", line 144, in __init__
    self._dbapi_connection = engine.raw_connection()
                             ^^^^^^^^^^^^^^^^^^^^^^^
  File "D:\自媒体\漫画工作流\.venv-desktop\Lib\site-packages\sqlalchemy\engine\base.py", line 3319, in raw_connection
    return self.pool.connect()
           ^^^^^^^^^^^^^^^^^^^
  File "D:\自媒体\漫画工作流\.venv-desktop\Lib\site-packages\sqlalchemy\pool\base.py", line 448, in connect
    return _ConnectionFairy._checkout(self)
           ^^^^^^^^^^^^^^^^^^^^^^^^^^^^^^^^
  File "D:\自媒体\漫画工作流\.venv-desktop\Lib\site-packages\sqlalchemy\pool\base.py", line 1272, in _checkout
    fairy = _ConnectionRecord.checkout(pool)
            ^^^^^^^^^^^^^^^^^^^^^^^^^^^^^^^^
  File "D:\自媒体\漫画工作流\.venv-desktop\Lib\site-packages\sqlalchemy\pool\base.py", line 712, in checkout
    rec = pool._do_get()
          ^^^^^^^^^^^^^^
  File "D:\自媒体\漫画工作流\.venv-desktop\Lib\site-packages\sqlalchemy\pool\impl.py", line 167, in _do_get
    raise exc.TimeoutError(
sqlalchemy.exc.TimeoutError: QueuePool limit of size 5 overflow 10 reached, connection timed out, timeout 30.00 (Background on this error at: https://sqlalche.me/e/20/3o7r)
ERROR:    Exception in ASGI application
Traceback (most recent call last):
  File "D:\自媒体\漫画工作流\.venv-desktop\Lib\site-packages\uvicorn\protocols\http\httptools_impl.py", line 422, in run_asgi
    result = await app(  # type: ignore[func-returns-value]
             ^^^^^^^^^^^^^^^^^^^^^^^^^^^^^^^^^^^^^^^^^^^^^^
  File "D:\自媒体\漫画工作流\.venv-desktop\Lib\site-packages\uvicorn\middleware\proxy_headers.py", line 63, in __call__
    return await self.app(scope, receive, send)
           ^^^^^^^^^^^^^^^^^^^^^^^^^^^^^^^^^^^^
  File "D:\自媒体\漫画工作流\.venv-desktop\Lib\site-packages\fastapi\applications.py", line 1163, in __call__
    await super().__call__(scope, receive, send)
  File "D:\自媒体\漫画工作流\.venv-desktop\Lib\site-packages\starlette\applications.py", line 96, in __call__
    await self.middleware_stack(scope, receive, send)
  File "D:\自媒体\漫画工作流\.venv-desktop\Lib\site-packages\starlette\middleware\errors.py", line 186, in __call__
    raise exc
  File "D:\自媒体\漫画工作流\.venv-desktop\Lib\site-packages\starlette\middleware\errors.py", line 164, in __call__
    await self.app(scope, receive, _send)
  File "D:\自媒体\漫画工作流\.venv-desktop\Lib\site-packages\starlette\middleware\trustedhost.py", line 51, in __call__
    await self.app(scope, receive, send)
  File "D:\自媒体\漫画工作流\.venv-desktop\Lib\site-packages\starlette\middleware\cors.py", line 88, in __call__
    await self.app(scope, receive, send)
  File "D:\自媒体/漫画工作流/apps/api\app\request_limits.py", line 232, in __call__
    await self.app(scope, receive, send)
  File "D:\自媒体\漫画工作流\.venv-desktop\Lib\site-packages\starlette\middleware\exceptions.py", line 63, in __call__
    await wrap_app_handling_exceptions(self.app, conn)(scope, receive, send)
  File "D:\自媒体\漫画工作流\.venv-desktop\Lib\site-packages\starlette\_exception_handler.py", line 53, in wrapped_app
    raise exc
  File "D:\自媒体\漫画工作流\.venv-desktop\Lib\site-packages\starlette\_exception_handler.py", line 42, in wrapped_app
    await app(scope, receive, sender)
  File "D:\自媒体\漫画工作流\.venv-desktop\Lib\site-packages\fastapi\middleware\asyncexitstack.py", line 18, in __call__
    await self.app(scope, receive, send)
  File "D:\自媒体\漫画工作流\.venv-desktop\Lib\site-packages\starlette\routing.py", line 670, in __call__
    await self.middleware_stack(scope, receive, send)
  File "D:\自媒体\漫画工作流\.venv-desktop\Lib\site-packages\fastapi\routing.py", line 2683, in app
    await route.handle(scope, receive, send)
  File "D:\自媒体\漫画工作流\.venv-desktop\Lib\site-packages\fastapi\routing.py", line 1753, in handle
    await self.original_router.handle(scope, receive, send)
  File "D:\自媒体\漫画工作流\.venv-desktop\Lib\site-packages\fastapi\routing.py", line 2738, in handle
    await included_router._handle_selected(scope, receive, send)
  File "D:\自媒体\漫画工作流\.venv-desktop\Lib\site-packages\fastapi\routing.py", line 1764, in _handle_selected
    await route.handle(scope, receive, send)
  File "D:\自媒体\漫画工作流\.venv-desktop\Lib\site-packages\fastapi\routing.py", line 1753, in handle
    await self.original_router.handle(scope, receive, send)
  File "D:\自媒体\漫画工作流\.venv-desktop\Lib\site-packages\fastapi\routing.py", line 2738, in handle
    await included_router._handle_selected(scope, receive, send)
  File "D:\自媒体\漫画工作流\.venv-desktop\Lib\site-packages\fastapi\routing.py", line 1773, in _handle_selected
    await original_route.handle(scope, receive, send)
  File "D:\自媒体\漫画工作流\.venv-desktop\Lib\site-packages\fastapi\routing.py", line 1264, in handle
    await app(scope, receive, send)
  File "D:\自媒体\漫画工作流\.venv-desktop\Lib\site-packages\fastapi\routing.py", line 150, in app
    await wrap_app_handling_exceptions(app, request)(scope, receive, send)
  File "D:\自媒体\漫画工作流\.venv-desktop\Lib\site-packages\starlette\_exception_handler.py", line 53, in wrapped_app
    raise exc
  File "D:\自媒体\漫画工作流\.venv-desktop\Lib\site-packages\starlette\_exception_handler.py", line 42, in wrapped_app
    await app(scope, receive, sender)
  File "D:\自媒体\漫画工作流\.venv-desktop\Lib\site-packages\fastapi\routing.py", line 136, in app
    response = await f(request)
               ^^^^^^^^^^^^^^^^
  File "D:\自媒体\漫画工作流\.venv-desktop\Lib\site-packages\fastapi\routing.py", line 690, in app
    raw_response = await run_endpoint_function(
                   ^^^^^^^^^^^^^^^^^^^^^^^^^^^^
  File "D:\自媒体\漫画工作流\.venv-desktop\Lib\site-packages\fastapi\routing.py", line 346, in run_endpoint_function
    return await run_in_threadpool(dependant.call, **values)
           ^^^^^^^^^^^^^^^^^^^^^^^^^^^^^^^^^^^^^^^^^^^^^^^^^
  File "D:\自媒体\漫画工作流\.venv-desktop\Lib\site-packages\starlette\concurrency.py", line 34, in run_in_threadpool
    return await anyio.to_thread.run_sync(func)
           ^^^^^^^^^^^^^^^^^^^^^^^^^^^^^^^^^^^^
  File "D:\自媒体\漫画工作流\.venv-desktop\Lib\site-packages\anyio\to_thread.py", line 65, in run_sync
    return await get_async_backend().run_sync_in_worker_thread(
           ^^^^^^^^^^^^^^^^^^^^^^^^^^^^^^^^^^^^^^^^^^^^^^^^^^^^
  File "D:\自媒体\漫画工作流\.venv-desktop\Lib\site-packages\anyio\_backends\_asyncio.py", line 2706, in run_sync_in_worker_thread
    return await future
           ^^^^^^^^^^^^
  File "D:\自媒体\漫画工作流\.venv-desktop\Lib\site-packages\anyio\_backends\_asyncio.py", line 1100, in run
    result = context.run(func, *args)
             ^^^^^^^^^^^^^^^^^^^^^^^^
  File "D:\自媒体/漫画工作流/apps/api\app\api\routes\uploads.py", line 706, in asset_thumbnail
    asset = db.get(Asset, asset_id)
            ^^^^^^^^^^^^^^^^^^^^^^^
  File "D:\自媒体\漫画工作流\.venv-desktop\Lib\site-packages\sqlalchemy\orm\session.py", line 3702, in get
    return self._get_impl(
           ^^^^^^^^^^^^^^^
  File "D:\自媒体\漫画工作流\.venv-desktop\Lib\site-packages\sqlalchemy\orm\session.py", line 3881, in _get_impl
    return db_load_fn(
           ^^^^^^^^^^^
  File "D:\自媒体\漫画工作流\.venv-desktop\Lib\site-packages\sqlalchemy\orm\loading.py", line 695, in load_on_pk_identity
    session.execute(
  File "D:\自媒体\漫画工作流\.venv-desktop\Lib\site-packages\sqlalchemy\orm\session.py", line 2373, in execute
    return self._execute_internal(
           ^^^^^^^^^^^^^^^^^^^^^^^
  File "D:\自媒体\漫画工作流\.venv-desktop\Lib\site-packages\sqlalchemy\orm\session.py", line 2261, in _execute_internal
    conn = self._connection_for_bind(bind)
           ^^^^^^^^^^^^^^^^^^^^^^^^^^^^^^^
  File "D:\自媒体\漫画工作流\.venv-desktop\Lib\site-packages\sqlalchemy\orm\session.py", line 2113, in _connection_for_bind
    return trans._connection_for_bind(engine, execution_options)
           ^^^^^^^^^^^^^^^^^^^^^^^^^^^^^^^^^^^^^^^^^^^^^^^^^^^^^
  File "<string>", line 2, in _connection_for_bind
  File "D:\自媒体\漫画工作流\.venv-desktop\Lib\site-packages\sqlalchemy\orm\state_changes.py", line 137, in _go
    ret_value = fn(self, *arg, **kw)
                ^^^^^^^^^^^^^^^^^^^^
  File "D:\自媒体\漫画工作流\.venv-desktop\Lib\site-packages\sqlalchemy\orm\session.py", line 1191, in _connection_for_bind
    conn = bind.connect()
           ^^^^^^^^^^^^^^
  File "D:\自媒体\漫画工作流\.venv-desktop\Lib\site-packages\sqlalchemy\engine\base.py", line 3295, in connect
    return self._connection_cls(self)
           ^^^^^^^^^^^^^^^^^^^^^^^^^^
  File "D:\自媒体\漫画工作流\.venv-desktop\Lib\site-packages\sqlalchemy\engine\base.py", line 144, in __init__
    self._dbapi_connection = engine.raw_connection()
                             ^^^^^^^^^^^^^^^^^^^^^^^
  File "D:\自媒体\漫画工作流\.venv-desktop\Lib\site-packages\sqlalchemy\engine\base.py", line 3319, in raw_connection
    return self.pool.connect()
           ^^^^^^^^^^^^^^^^^^^
  File "D:\自媒体\漫画工作流\.venv-desktop\Lib\site-packages\sqlalchemy\pool\base.py", line 448, in connect
    return _ConnectionFairy._checkout(self)
           ^^^^^^^^^^^^^^^^^^^^^^^^^^^^^^^^
  File "D:\自媒体\漫画工作流\.venv-desktop\Lib\site-packages\sqlalchemy\pool\base.py", line 1272, in _checkout
    fairy = _ConnectionRecord.checkout(pool)
            ^^^^^^^^^^^^^^^^^^^^^^^^^^^^^^^^
  File "D:\自媒体\漫画工作流\.venv-desktop\Lib\site-packages\sqlalchemy\pool\base.py", line 712, in checkout
    rec = pool._do_get()
          ^^^^^^^^^^^^^^
  File "D:\自媒体\漫画工作流\.venv-desktop\Lib\site-packages\sqlalchemy\pool\impl.py", line 167, in _do_get
    raise exc.TimeoutError(
sqlalchemy.exc.TimeoutError: QueuePool limit of size 5 overflow 10 reached, connection timed out, timeout 30.00 (Background on this error at: https://sqlalche.me/e/20/3o7r)
ERROR:    Exception in ASGI application
Traceback (most recent call last):
  File "D:\自媒体\漫画工作流\.venv-desktop\Lib\site-packages\uvicorn\protocols\http\httptools_impl.py", line 422, in run_asgi
    result = await app(  # type: ignore[func-returns-value]
             ^^^^^^^^^^^^^^^^^^^^^^^^^^^^^^^^^^^^^^^^^^^^^^
  File "D:\自媒体\漫画工作流\.venv-desktop\Lib\site-packages\uvicorn\middleware\proxy_headers.py", line 63, in __call__
    return await self.app(scope, receive, send)
           ^^^^^^^^^^^^^^^^^^^^^^^^^^^^^^^^^^^^
  File "D:\自媒体\漫画工作流\.venv-desktop\Lib\site-packages\fastapi\applications.py", line 1163, in __call__
    await super().__call__(scope, receive, send)
  File "D:\自媒体\漫画工作流\.venv-desktop\Lib\site-packages\starlette\applications.py", line 96, in __call__
    await self.middleware_stack(scope, receive, send)
  File "D:\自媒体\漫画工作流\.venv-desktop\Lib\site-packages\starlette\middleware\errors.py", line 186, in __call__
    raise exc
  File "D:\自媒体\漫画工作流\.venv-desktop\Lib\site-packages\starlette\middleware\errors.py", line 164, in __call__
    await self.app(scope, receive, _send)
  File "D:\自媒体\漫画工作流\.venv-desktop\Lib\site-packages\starlette\middleware\trustedhost.py", line 51, in __call__
    await self.app(scope, receive, send)
  File "D:\自媒体\漫画工作流\.venv-desktop\Lib\site-packages\starlette\middleware\cors.py", line 88, in __call__
    await self.app(scope, receive, send)
  File "D:\自媒体/漫画工作流/apps/api\app\request_limits.py", line 232, in __call__
    await self.app(scope, receive, send)
  File "D:\自媒体\漫画工作流\.venv-desktop\Lib\site-packages\starlette\middleware\exceptions.py", line 63, in __call__
    await wrap_app_handling_exceptions(self.app, conn)(scope, receive, send)
  File "D:\自媒体\漫画工作流\.venv-desktop\Lib\site-packages\starlette\_exception_handler.py", line 53, in wrapped_app
    raise exc
  File "D:\自媒体\漫画工作流\.venv-desktop\Lib\site-packages\starlette\_exception_handler.py", line 42, in wrapped_app
    await app(scope, receive, sender)
  File "D:\自媒体\漫画工作流\.venv-desktop\Lib\site-packages\fastapi\middleware\asyncexitstack.py", line 18, in __call__
    await self.app(scope, receive, send)
  File "D:\自媒体\漫画工作流\.venv-desktop\Lib\site-packages\starlette\routing.py", line 670, in __call__
    await self.middleware_stack(scope, receive, send)
  File "D:\自媒体\漫画工作流\.venv-desktop\Lib\site-packages\fastapi\routing.py", line 2683, in app
    await route.handle(scope, receive, send)
  File "D:\自媒体\漫画工作流\.venv-desktop\Lib\site-packages\fastapi\routing.py", line 1753, in handle
    await self.original_router.handle(scope, receive, send)
  File "D:\自媒体\漫画工作流\.venv-desktop\Lib\site-packages\fastapi\routing.py", line 2738, in handle
    await included_router._handle_selected(scope, receive, send)
  File "D:\自媒体\漫画工作流\.venv-desktop\Lib\site-packages\fastapi\routing.py", line 1764, in _handle_selected
    await route.handle(scope, receive, send)
  File "D:\自媒体\漫画工作流\.venv-desktop\Lib\site-packages\fastapi\routing.py", line 1753, in handle
    await self.original_router.handle(scope, receive, send)
  File "D:\自媒体\漫画工作流\.venv-desktop\Lib\site-packages\fastapi\routing.py", line 2738, in handle
    await included_router._handle_selected(scope, receive, send)
  File "D:\自媒体\漫画工作流\.venv-desktop\Lib\site-packages\fastapi\routing.py", line 1773, in _handle_selected
    await original_route.handle(scope, receive, send)
  File "D:\自媒体\漫画工作流\.venv-desktop\Lib\site-packages\fastapi\routing.py", line 1264, in handle
    await app(scope, receive, send)
  File "D:\自媒体\漫画工作流\.venv-desktop\Lib\site-packages\fastapi\routing.py", line 150, in app
    await wrap_app_handling_exceptions(app, request)(scope, receive, send)
  File "D:\自媒体\漫画工作流\.venv-desktop\Lib\site-packages\starlette\_exception_handler.py", line 53, in wrapped_app
    raise exc
  File "D:\自媒体\漫画工作流\.venv-desktop\Lib\site-packages\starlette\_exception_handler.py", line 42, in wrapped_app
    await app(scope, receive, sender)
  File "D:\自媒体\漫画工作流\.venv-desktop\Lib\site-packages\fastapi\routing.py", line 136, in app
    response = await f(request)
               ^^^^^^^^^^^^^^^^
  File "D:\自媒体\漫画工作流\.venv-desktop\Lib\site-packages\fastapi\routing.py", line 690, in app
    raw_response = await run_endpoint_function(
                   ^^^^^^^^^^^^^^^^^^^^^^^^^^^^
  File "D:\自媒体\漫画工作流\.venv-desktop\Lib\site-packages\fastapi\routing.py", line 346, in run_endpoint_function
    return await run_in_threadpool(dependant.call, **values)
           ^^^^^^^^^^^^^^^^^^^^^^^^^^^^^^^^^^^^^^^^^^^^^^^^^
  File "D:\自媒体\漫画工作流\.venv-desktop\Lib\site-packages\starlette\concurrency.py", line 34, in run_in_threadpool
    return await anyio.to_thread.run_sync(func)
           ^^^^^^^^^^^^^^^^^^^^^^^^^^^^^^^^^^^^
  File "D:\自媒体\漫画工作流\.venv-desktop\Lib\site-packages\anyio\to_thread.py", line 65, in run_sync
    return await get_async_backend().run_sync_in_worker_thread(
           ^^^^^^^^^^^^^^^^^^^^^^^^^^^^^^^^^^^^^^^^^^^^^^^^^^^^
  File "D:\自媒体\漫画工作流\.venv-desktop\Lib\site-packages\anyio\_backends\_asyncio.py", line 2706, in run_sync_in_worker_thread
    return await future
           ^^^^^^^^^^^^
  File "D:\自媒体\漫画工作流\.venv-desktop\Lib\site-packages\anyio\_backends\_asyncio.py", line 1100, in run
    result = context.run(func, *args)
             ^^^^^^^^^^^^^^^^^^^^^^^^
  File "D:\自媒体/漫画工作流/apps/api\app\api\routes\uploads.py", line 706, in asset_thumbnail
    asset = db.get(Asset, asset_id)
            ^^^^^^^^^^^^^^^^^^^^^^^
  File "D:\自媒体\漫画工作流\.venv-desktop\Lib\site-packages\sqlalchemy\orm\session.py", line 3702, in get
    return self._get_impl(
           ^^^^^^^^^^^^^^^
  File "D:\自媒体\漫画工作流\.venv-desktop\Lib\site-packages\sqlalchemy\orm\session.py", line 3881, in _get_impl
    return db_load_fn(
           ^^^^^^^^^^^
  File "D:\自媒体\漫画工作流\.venv-desktop\Lib\site-packages\sqlalchemy\orm\loading.py", line 695, in load_on_pk_identity
    session.execute(
  File "D:\自媒体\漫画工作流\.venv-desktop\Lib\site-packages\sqlalchemy\orm\session.py", line 2373, in execute
    return self._execute_internal(
           ^^^^^^^^^^^^^^^^^^^^^^^
  File "D:\自媒体\漫画工作流\.venv-desktop\Lib\site-packages\sqlalchemy\orm\session.py", line 2261, in _execute_internal
    conn = self._connection_for_bind(bind)
           ^^^^^^^^^^^^^^^^^^^^^^^^^^^^^^^
  File "D:\自媒体\漫画工作流\.venv-desktop\Lib\site-packages\sqlalchemy\orm\session.py", line 2113, in _connection_for_bind
    return trans._connection_for_bind(engine, execution_options)
           ^^^^^^^^^^^^^^^^^^^^^^^^^^^^^^^^^^^^^^^^^^^^^^^^^^^^^
  File "<string>", line 2, in _connection_for_bind
  File "D:\自媒体\漫画工作流\.venv-desktop\Lib\site-packages\sqlalchemy\orm\state_changes.py", line 137, in _go
    ret_value = fn(self, *arg, **kw)
                ^^^^^^^^^^^^^^^^^^^^
  File "D:\自媒体\漫画工作流\.venv-desktop\Lib\site-packages\sqlalchemy\orm\session.py", line 1191, in _connection_for_bind
    conn = bind.connect()
           ^^^^^^^^^^^^^^
  File "D:\自媒体\漫画工作流\.venv-desktop\Lib\site-packages\sqlalchemy\engine\base.py", line 3295, in connect
    return self._connection_cls(self)
           ^^^^^^^^^^^^^^^^^^^^^^^^^^
  File "D:\自媒体\漫画工作流\.venv-desktop\Lib\site-packages\sqlalchemy\engine\base.py", line 144, in __init__
    self._dbapi_connection = engine.raw_connection()
                             ^^^^^^^^^^^^^^^^^^^^^^^
  File "D:\自媒体\漫画工作流\.venv-desktop\Lib\site-packages\sqlalchemy\engine\base.py", line 3319, in raw_connection
    return self.pool.connect()
           ^^^^^^^^^^^^^^^^^^^
  File "D:\自媒体\漫画工作流\.venv-desktop\Lib\site-packages\sqlalchemy\pool\base.py", line 448, in connect
    return _ConnectionFairy._checkout(self)
           ^^^^^^^^^^^^^^^^^^^^^^^^^^^^^^^^
  File "D:\自媒体\漫画工作流\.venv-desktop\Lib\site-packages\sqlalchemy\pool\base.py", line 1272, in _checkout
    fairy = _ConnectionRecord.checkout(pool)
            ^^^^^^^^^^^^^^^^^^^^^^^^^^^^^^^^
  File "D:\自媒体\漫画工作流\.venv-desktop\Lib\site-packages\sqlalchemy\pool\base.py", line 712, in checkout
    rec = pool._do_get()
          ^^^^^^^^^^^^^^
  File "D:\自媒体\漫画工作流\.venv-desktop\Lib\site-packages\sqlalchemy\pool\impl.py", line 167, in _do_get
    raise exc.TimeoutError(
sqlalchemy.exc.TimeoutError: QueuePool limit of size 5 overflow 10 reached, connection timed out, timeout 30.00 (Background on this error at: https://sqlalche.me/e/20/3o7r)
ERROR:    Exception in ASGI application
Traceback (most recent call last):
  File "D:\自媒体\漫画工作流\.venv-desktop\Lib\site-packages\uvicorn\protocols\http\httptools_impl.py", line 422, in run_asgi
    result = await app(  # type: ignore[func-returns-value]
             ^^^^^^^^^^^^^^^^^^^^^^^^^^^^^^^^^^^^^^^^^^^^^^
  File "D:\自媒体\漫画工作流\.venv-desktop\Lib\site-packages\uvicorn\middleware\proxy_headers.py", line 63, in __call__
    return await self.app(scope, receive, send)
           ^^^^^^^^^^^^^^^^^^^^^^^^^^^^^^^^^^^^
  File "D:\自媒体\漫画工作流\.venv-desktop\Lib\site-packages\fastapi\applications.py", line 1163, in __call__
    await super().__call__(scope, receive, send)
  File "D:\自媒体\漫画工作流\.venv-desktop\Lib\site-packages\starlette\applications.py", line 96, in __call__
    await self.middleware_stack(scope, receive, send)
  File "D:\自媒体\漫画工作流\.venv-desktop\Lib\site-packages\starlette\middleware\errors.py", line 186, in __call__
    raise exc
  File "D:\自媒体\漫画工作流\.venv-desktop\Lib\site-packages\starlette\middleware\errors.py", line 164, in __call__
    await self.app(scope, receive, _send)
  File "D:\自媒体\漫画工作流\.venv-desktop\Lib\site-packages\starlette\middleware\trustedhost.py", line 51, in __call__
    await self.app(scope, receive, send)
  File "D:\自媒体\漫画工作流\.venv-desktop\Lib\site-packages\starlette\middleware\cors.py", line 88, in __call__
    await self.app(scope, receive, send)
  File "D:\自媒体/漫画工作流/apps/api\app\request_limits.py", line 232, in __call__
    await self.app(scope, receive, send)
  File "D:\自媒体\漫画工作流\.venv-desktop\Lib\site-packages\starlette\middleware\exceptions.py", line 63, in __call__
    await wrap_app_handling_exceptions(self.app, conn)(scope, receive, send)
  File "D:\自媒体\漫画工作流\.venv-desktop\Lib\site-packages\starlette\_exception_handler.py", line 53, in wrapped_app
    raise exc
  File "D:\自媒体\漫画工作流\.venv-desktop\Lib\site-packages\starlette\_exception_handler.py", line 42, in wrapped_app
    await app(scope, receive, sender)
  File "D:\自媒体\漫画工作流\.venv-desktop\Lib\site-packages\fastapi\middleware\asyncexitstack.py", line 18, in __call__
    await self.app(scope, receive, send)
  File "D:\自媒体\漫画工作流\.venv-desktop\Lib\site-packages\starlette\routing.py", line 670, in __call__
    await self.middleware_stack(scope, receive, send)
  File "D:\自媒体\漫画工作流\.venv-desktop\Lib\site-packages\fastapi\routing.py", line 2683, in app
    await route.handle(scope, receive, send)
  File "D:\自媒体\漫画工作流\.venv-desktop\Lib\site-packages\fastapi\routing.py", line 1753, in handle
    await self.original_router.handle(scope, receive, send)
  File "D:\自媒体\漫画工作流\.venv-desktop\Lib\site-packages\fastapi\routing.py", line 2738, in handle
    await included_router._handle_selected(scope, receive, send)
  File "D:\自媒体\漫画工作流\.venv-desktop\Lib\site-packages\fastapi\routing.py", line 1764, in _handle_selected
    await route.handle(scope, receive, send)
  File "D:\自媒体\漫画工作流\.venv-desktop\Lib\site-packages\fastapi\routing.py", line 1753, in handle
    await self.original_router.handle(scope, receive, send)
  File "D:\自媒体\漫画工作流\.venv-desktop\Lib\site-packages\fastapi\routing.py", line 2738, in handle
    await included_router._handle_selected(scope, receive, send)
  File "D:\自媒体\漫画工作流\.venv-desktop\Lib\site-packages\fastapi\routing.py", line 1773, in _handle_selected
    await original_route.handle(scope, receive, send)
  File "D:\自媒体\漫画工作流\.venv-desktop\Lib\site-packages\fastapi\routing.py", line 1264, in handle
    await app(scope, receive, send)
  File "D:\自媒体\漫画工作流\.venv-desktop\Lib\site-packages\fastapi\routing.py", line 150, in app
    await wrap_app_handling_exceptions(app, request)(scope, receive, send)
  File "D:\自媒体\漫画工作流\.venv-desktop\Lib\site-packages\starlette\_exception_handler.py", line 53, in wrapped_app
    raise exc
  File "D:\自媒体\漫画工作流\.venv-desktop\Lib\site-packages\starlette\_exception_handler.py", line 42, in wrapped_app
    await app(scope, receive, sender)
  File "D:\自媒体\漫画工作流\.venv-desktop\Lib\site-packages\fastapi\routing.py", line 136, in app
    response = await f(request)
               ^^^^^^^^^^^^^^^^
  File "D:\自媒体\漫画工作流\.venv-desktop\Lib\site-packages\fastapi\routing.py", line 690, in app
    raw_response = await run_endpoint_function(
                   ^^^^^^^^^^^^^^^^^^^^^^^^^^^^
  File "D:\自媒体\漫画工作流\.venv-desktop\Lib\site-packages\fastapi\routing.py", line 346, in run_endpoint_function
    return await run_in_threadpool(dependant.call, **values)
           ^^^^^^^^^^^^^^^^^^^^^^^^^^^^^^^^^^^^^^^^^^^^^^^^^
  File "D:\自媒体\漫画工作流\.venv-desktop\Lib\site-packages\starlette\concurrency.py", line 34, in run_in_threadpool
    return await anyio.to_thread.run_sync(func)
           ^^^^^^^^^^^^^^^^^^^^^^^^^^^^^^^^^^^^
  File "D:\自媒体\漫画工作流\.venv-desktop\Lib\site-packages\anyio\to_thread.py", line 65, in run_sync
    return await get_async_backend().run_sync_in_worker_thread(
           ^^^^^^^^^^^^^^^^^^^^^^^^^^^^^^^^^^^^^^^^^^^^^^^^^^^^
  File "D:\自媒体\漫画工作流\.venv-desktop\Lib\site-packages\anyio\_backends\_asyncio.py", line 2706, in run_sync_in_worker_thread
    return await future
           ^^^^^^^^^^^^
  File "D:\自媒体\漫画工作流\.venv-desktop\Lib\site-packages\anyio\_backends\_asyncio.py", line 1100, in run
    result = context.run(func, *args)
             ^^^^^^^^^^^^^^^^^^^^^^^^
  File "D:\自媒体/漫画工作流/apps/api\app\api\routes\uploads.py", line 706, in asset_thumbnail
    asset = db.get(Asset, asset_id)
            ^^^^^^^^^^^^^^^^^^^^^^^
  File "D:\自媒体\漫画工作流\.venv-desktop\Lib\site-packages\sqlalchemy\orm\session.py", line 3702, in get
    return self._get_impl(
           ^^^^^^^^^^^^^^^
  File "D:\自媒体\漫画工作流\.venv-desktop\Lib\site-packages\sqlalchemy\orm\session.py", line 3881, in _get_impl
    return db_load_fn(
           ^^^^^^^^^^^
  File "D:\自媒体\漫画工作流\.venv-desktop\Lib\site-packages\sqlalchemy\orm\loading.py", line 695, in load_on_pk_identity
    session.execute(
  File "D:\自媒体\漫画工作流\.venv-desktop\Lib\site-packages\sqlalchemy\orm\session.py", line 2373, in execute
    return self._execute_internal(
           ^^^^^^^^^^^^^^^^^^^^^^^
  File "D:\自媒体\漫画工作流\.venv-desktop\Lib\site-packages\sqlalchemy\orm\session.py", line 2261, in _execute_internal
    conn = self._connection_for_bind(bind)
           ^^^^^^^^^^^^^^^^^^^^^^^^^^^^^^^
  File "D:\自媒体\漫画工作流\.venv-desktop\Lib\site-packages\sqlalchemy\orm\session.py", line 2113, in _connection_for_bind
    return trans._connection_for_bind(engine, execution_options)
           ^^^^^^^^^^^^^^^^^^^^^^^^^^^^^^^^^^^^^^^^^^^^^^^^^^^^^
  File "<string>", line 2, in _connection_for_bind
  File "D:\自媒体\漫画工作流\.venv-desktop\Lib\site-packages\sqlalchemy\orm\state_changes.py", line 137, in _go
    ret_value = fn(self, *arg, **kw)
                ^^^^^^^^^^^^^^^^^^^^
  File "D:\自媒体\漫画工作流\.venv-desktop\Lib\site-packages\sqlalchemy\orm\session.py", line 1191, in _connection_for_bind
    conn = bind.connect()
           ^^^^^^^^^^^^^^
  File "D:\自媒体\漫画工作流\.venv-desktop\Lib\site-packages\sqlalchemy\engine\base.py", line 3295, in connect
    return self._connection_cls(self)
           ^^^^^^^^^^^^^^^^^^^^^^^^^^
  File "D:\自媒体\漫画工作流\.venv-desktop\Lib\site-packages\sqlalchemy\engine\base.py", line 144, in __init__
    self._dbapi_connection = engine.raw_connection()
                             ^^^^^^^^^^^^^^^^^^^^^^^
  File "D:\自媒体\漫画工作流\.venv-desktop\Lib\site-packages\sqlalchemy\engine\base.py", line 3319, in raw_connection
    return self.pool.connect()
           ^^^^^^^^^^^^^^^^^^^
  File "D:\自媒体\漫画工作流\.venv-desktop\Lib\site-packages\sqlalchemy\pool\base.py", line 448, in connect
    return _ConnectionFairy._checkout(self)
           ^^^^^^^^^^^^^^^^^^^^^^^^^^^^^^^^
  File "D:\自媒体\漫画工作流\.venv-desktop\Lib\site-packages\sqlalchemy\pool\base.py", line 1272, in _checkout
    fairy = _ConnectionRecord.checkout(pool)
            ^^^^^^^^^^^^^^^^^^^^^^^^^^^^^^^^
  File "D:\自媒体\漫画工作流\.venv-desktop\Lib\site-packages\sqlalchemy\pool\base.py", line 712, in checkout
    rec = pool._do_get()
          ^^^^^^^^^^^^^^
  File "D:\自媒体\漫画工作流\.venv-desktop\Lib\site-packages\sqlalchemy\pool\impl.py", line 167, in _do_get
    raise exc.TimeoutError(
sqlalchemy.exc.TimeoutError: QueuePool limit of size 5 overflow 10 reached, connection timed out, timeout 30.00 (Background on this error at: https://sqlalche.me/e/20/3o7r)
ERROR:    Exception in ASGI application
Traceback (most recent call last):
  File "D:\自媒体\漫画工作流\.venv-desktop\Lib\site-packages\uvicorn\protocols\http\httptools_impl.py", line 422, in run_asgi
    result = await app(  # type: ignore[func-returns-value]
             ^^^^^^^^^^^^^^^^^^^^^^^^^^^^^^^^^^^^^^^^^^^^^^
  File "D:\自媒体\漫画工作流\.venv-desktop\Lib\site-packages\uvicorn\middleware\proxy_headers.py", line 63, in __call__
    return await self.app(scope, receive, send)
           ^^^^^^^^^^^^^^^^^^^^^^^^^^^^^^^^^^^^
  File "D:\自媒体\漫画工作流\.venv-desktop\Lib\site-packages\fastapi\applications.py", line 1163, in __call__
    await super().__call__(scope, receive, send)
  File "D:\自媒体\漫画工作流\.venv-desktop\Lib\site-packages\starlette\applications.py", line 96, in __call__
    await self.middleware_stack(scope, receive, send)
  File "D:\自媒体\漫画工作流\.venv-desktop\Lib\site-packages\starlette\middleware\errors.py", line 186, in __call__
    raise exc
  File "D:\自媒体\漫画工作流\.venv-desktop\Lib\site-packages\starlette\middleware\errors.py", line 164, in __call__
    await self.app(scope, receive, _send)
  File "D:\自媒体\漫画工作流\.venv-desktop\Lib\site-packages\starlette\middleware\trustedhost.py", line 51, in __call__
    await self.app(scope, receive, send)
  File "D:\自媒体\漫画工作流\.venv-desktop\Lib\site-packages\starlette\middleware\cors.py", line 88, in __call__
    await self.app(scope, receive, send)
  File "D:\自媒体/漫画工作流/apps/api\app\request_limits.py", line 232, in __call__
    await self.app(scope, receive, send)
  File "D:\自媒体\漫画工作流\.venv-desktop\Lib\site-packages\starlette\middleware\exceptions.py", line 63, in __call__
    await wrap_app_handling_exceptions(self.app, conn)(scope, receive, send)
  File "D:\自媒体\漫画工作流\.venv-desktop\Lib\site-packages\starlette\_exception_handler.py", line 53, in wrapped_app
    raise exc
  File "D:\自媒体\漫画工作流\.venv-desktop\Lib\site-packages\starlette\_exception_handler.py", line 42, in wrapped_app
    await app(scope, receive, sender)
  File "D:\自媒体\漫画工作流\.venv-desktop\Lib\site-packages\fastapi\middleware\asyncexitstack.py", line 18, in __call__
    await self.app(scope, receive, send)
  File "D:\自媒体\漫画工作流\.venv-desktop\Lib\site-packages\starlette\routing.py", line 670, in __call__
    await self.middleware_stack(scope, receive, send)
  File "D:\自媒体\漫画工作流\.venv-desktop\Lib\site-packages\fastapi\routing.py", line 2683, in app
    await route.handle(scope, receive, send)
  File "D:\自媒体\漫画工作流\.venv-desktop\Lib\site-packages\fastapi\routing.py", line 1753, in handle
    await self.original_router.handle(scope, receive, send)
  File "D:\自媒体\漫画工作流\.venv-desktop\Lib\site-packages\fastapi\routing.py", line 2738, in handle
    await included_router._handle_selected(scope, receive, send)
  File "D:\自媒体\漫画工作流\.venv-desktop\Lib\site-packages\fastapi\routing.py", line 1764, in _handle_selected
    await route.handle(scope, receive, send)
  File "D:\自媒体\漫画工作流\.venv-desktop\Lib\site-packages\fastapi\routing.py", line 1753, in handle
    await self.original_router.handle(scope, receive, send)
  File "D:\自媒体\漫画工作流\.venv-desktop\Lib\site-packages\fastapi\routing.py", line 2738, in handle
    await included_router._handle_selected(scope, receive, send)
  File "D:\自媒体\漫画工作流\.venv-desktop\Lib\site-packages\fastapi\routing.py", line 1773, in _handle_selected
    await original_route.handle(scope, receive, send)
  File "D:\自媒体\漫画工作流\.venv-desktop\Lib\site-packages\fastapi\routing.py", line 1264, in handle
    await app(scope, receive, send)
  File "D:\自媒体\漫画工作流\.venv-desktop\Lib\site-packages\fastapi\routing.py", line 150, in app
    await wrap_app_handling_exceptions(app, request)(scope, receive, send)
  File "D:\自媒体\漫画工作流\.venv-desktop\Lib\site-packages\starlette\_exception_handler.py", line 53, in wrapped_app
    raise exc
  File "D:\自媒体\漫画工作流\.venv-desktop\Lib\site-packages\starlette\_exception_handler.py", line 42, in wrapped_app
    await app(scope, receive, sender)
  File "D:\自媒体\漫画工作流\.venv-desktop\Lib\site-packages\fastapi\routing.py", line 136, in app
    response = await f(request)
               ^^^^^^^^^^^^^^^^
  File "D:\自媒体\漫画工作流\.venv-desktop\Lib\site-packages\fastapi\routing.py", line 690, in app
    raw_response = await run_endpoint_function(
                   ^^^^^^^^^^^^^^^^^^^^^^^^^^^^
  File "D:\自媒体\漫画工作流\.venv-desktop\Lib\site-packages\fastapi\routing.py", line 346, in run_endpoint_function
    return await run_in_threadpool(dependant.call, **values)
           ^^^^^^^^^^^^^^^^^^^^^^^^^^^^^^^^^^^^^^^^^^^^^^^^^
  File "D:\自媒体\漫画工作流\.venv-desktop\Lib\site-packages\starlette\concurrency.py", line 34, in run_in_threadpool
    return await anyio.to_thread.run_sync(func)
           ^^^^^^^^^^^^^^^^^^^^^^^^^^^^^^^^^^^^
  File "D:\自媒体\漫画工作流\.venv-desktop\Lib\site-packages\anyio\to_thread.py", line 65, in run_sync
    return await get_async_backend().run_sync_in_worker_thread(
           ^^^^^^^^^^^^^^^^^^^^^^^^^^^^^^^^^^^^^^^^^^^^^^^^^^^^
  File "D:\自媒体\漫画工作流\.venv-desktop\Lib\site-packages\anyio\_backends\_asyncio.py", line 2706, in run_sync_in_worker_thread
    return await future
           ^^^^^^^^^^^^
  File "D:\自媒体\漫画工作流\.venv-desktop\Lib\site-packages\anyio\_backends\_asyncio.py", line 1100, in run
    result = context.run(func, *args)
             ^^^^^^^^^^^^^^^^^^^^^^^^
  File "D:\自媒体/漫画工作流/apps/api\app\api\routes\uploads.py", line 706, in asset_thumbnail
    asset = db.get(Asset, asset_id)
            ^^^^^^^^^^^^^^^^^^^^^^^
  File "D:\自媒体\漫画工作流\.venv-desktop\Lib\site-packages\sqlalchemy\orm\session.py", line 3702, in get
    return self._get_impl(
           ^^^^^^^^^^^^^^^
  File "D:\自媒体\漫画工作流\.venv-desktop\Lib\site-packages\sqlalchemy\orm\session.py", line 3881, in _get_impl
    return db_load_fn(
           ^^^^^^^^^^^
  File "D:\自媒体\漫画工作流\.venv-desktop\Lib\site-packages\sqlalchemy\orm\loading.py", line 695, in load_on_pk_identity
    session.execute(
  File "D:\自媒体\漫画工作流\.venv-desktop\Lib\site-packages\sqlalchemy\orm\session.py", line 2373, in execute
    return self._execute_internal(
           ^^^^^^^^^^^^^^^^^^^^^^^
  File "D:\自媒体\漫画工作流\.venv-desktop\Lib\site-packages\sqlalchemy\orm\session.py", line 2261, in _execute_internal
    conn = self._connection_for_bind(bind)
           ^^^^^^^^^^^^^^^^^^^^^^^^^^^^^^^
  File "D:\自媒体\漫画工作流\.venv-desktop\Lib\site-packages\sqlalchemy\orm\session.py", line 2113, in _connection_for_bind
    return trans._connection_for_bind(engine, execution_options)
           ^^^^^^^^^^^^^^^^^^^^^^^^^^^^^^^^^^^^^^^^^^^^^^^^^^^^^
  File "<string>", line 2, in _connection_for_bind
  File "D:\自媒体\漫画工作流\.venv-desktop\Lib\site-packages\sqlalchemy\orm\state_changes.py", line 137, in _go
    ret_value = fn(self, *arg, **kw)
                ^^^^^^^^^^^^^^^^^^^^
  File "D:\自媒体\漫画工作流\.venv-desktop\Lib\site-packages\sqlalchemy\orm\session.py", line 1191, in _connection_for_bind
    conn = bind.connect()
           ^^^^^^^^^^^^^^
  File "D:\自媒体\漫画工作流\.venv-desktop\Lib\site-packages\sqlalchemy\engine\base.py", line 3295, in connect
    return self._connection_cls(self)
           ^^^^^^^^^^^^^^^^^^^^^^^^^^
  File "D:\自媒体\漫画工作流\.venv-desktop\Lib\site-packages\sqlalchemy\engine\base.py", line 144, in __init__
    self._dbapi_connection = engine.raw_connection()
                             ^^^^^^^^^^^^^^^^^^^^^^^
  File "D:\自媒体\漫画工作流\.venv-desktop\Lib\site-packages\sqlalchemy\engine\base.py", line 3319, in raw_connection
    return self.pool.connect()
           ^^^^^^^^^^^^^^^^^^^
  File "D:\自媒体\漫画工作流\.venv-desktop\Lib\site-packages\sqlalchemy\pool\base.py", line 448, in connect
    return _ConnectionFairy._checkout(self)
           ^^^^^^^^^^^^^^^^^^^^^^^^^^^^^^^^
  File "D:\自媒体\漫画工作流\.venv-desktop\Lib\site-packages\sqlalchemy\pool\base.py", line 1272, in _checkout
    fairy = _ConnectionRecord.checkout(pool)
            ^^^^^^^^^^^^^^^^^^^^^^^^^^^^^^^^
  File "D:\自媒体\漫画工作流\.venv-desktop\Lib\site-packages\sqlalchemy\pool\base.py", line 712, in checkout
    rec = pool._do_get()
          ^^^^^^^^^^^^^^
  File "D:\自媒体\漫画工作流\.venv-desktop\Lib\site-packages\sqlalchemy\pool\impl.py", line 167, in _do_get
    raise exc.TimeoutError(
sqlalchemy.exc.TimeoutError: QueuePool limit of size 5 overflow 10 reached, connection timed out, timeout 30.00 (Background on this error at: https://sqlalche.me/e/20/3o7r)
ERROR:    Exception in ASGI application
Traceback (most recent call last):
  File "D:\自媒体\漫画工作流\.venv-desktop\Lib\site-packages\uvicorn\protocols\http\httptools_impl.py", line 422, in run_asgi
    result = await app(  # type: ignore[func-returns-value]
             ^^^^^^^^^^^^^^^^^^^^^^^^^^^^^^^^^^^^^^^^^^^^^^
  File "D:\自媒体\漫画工作流\.venv-desktop\Lib\site-packages\uvicorn\middleware\proxy_headers.py", line 63, in __call__
    return await self.app(scope, receive, send)
           ^^^^^^^^^^^^^^^^^^^^^^^^^^^^^^^^^^^^
  File "D:\自媒体\漫画工作流\.venv-desktop\Lib\site-packages\fastapi\applications.py", line 1163, in __call__
    await super().__call__(scope, receive, send)
  File "D:\自媒体\漫画工作流\.venv-desktop\Lib\site-packages\starlette\applications.py", line 96, in __call__
    await self.middleware_stack(scope, receive, send)
  File "D:\自媒体\漫画工作流\.venv-desktop\Lib\site-packages\starlette\middleware\errors.py", line 186, in __call__
    raise exc
  File "D:\自媒体\漫画工作流\.venv-desktop\Lib\site-packages\starlette\middleware\errors.py", line 164, in __call__
    await self.app(scope, receive, _send)
  File "D:\自媒体\漫画工作流\.venv-desktop\Lib\site-packages\starlette\middleware\trustedhost.py", line 51, in __call__
    await self.app(scope, receive, send)
  File "D:\自媒体\漫画工作流\.venv-desktop\Lib\site-packages\starlette\middleware\cors.py", line 88, in __call__
    await self.app(scope, receive, send)
  File "D:\自媒体/漫画工作流/apps/api\app\request_limits.py", line 232, in __call__
    await self.app(scope, receive, send)
  File "D:\自媒体\漫画工作流\.venv-desktop\Lib\site-packages\starlette\middleware\exceptions.py", line 63, in __call__
    await wrap_app_handling_exceptions(self.app, conn)(scope, receive, send)
  File "D:\自媒体\漫画工作流\.venv-desktop\Lib\site-packages\starlette\_exception_handler.py", line 53, in wrapped_app
    raise exc
  File "D:\自媒体\漫画工作流\.venv-desktop\Lib\site-packages\starlette\_exception_handler.py", line 42, in wrapped_app
    await app(scope, receive, sender)
  File "D:\自媒体\漫画工作流\.venv-desktop\Lib\site-packages\fastapi\middleware\asyncexitstack.py", line 18, in __call__
    await self.app(scope, receive, send)
  File "D:\自媒体\漫画工作流\.venv-desktop\Lib\site-packages\starlette\routing.py", line 670, in __call__
    await self.middleware_stack(scope, receive, send)
  File "D:\自媒体\漫画工作流\.venv-desktop\Lib\site-packages\fastapi\routing.py", line 2683, in app
    await route.handle(scope, receive, send)
  File "D:\自媒体\漫画工作流\.venv-desktop\Lib\site-packages\fastapi\routing.py", line 1753, in handle
    await self.original_router.handle(scope, receive, send)
  File "D:\自媒体\漫画工作流\.venv-desktop\Lib\site-packages\fastapi\routing.py", line 2738, in handle
    await included_router._handle_selected(scope, receive, send)
  File "D:\自媒体\漫画工作流\.venv-desktop\Lib\site-packages\fastapi\routing.py", line 1764, in _handle_selected
    await route.handle(scope, receive, send)
  File "D:\自媒体\漫画工作流\.venv-desktop\Lib\site-packages\fastapi\routing.py", line 1753, in handle
    await self.original_router.handle(scope, receive, send)
  File "D:\自媒体\漫画工作流\.venv-desktop\Lib\site-packages\fastapi\routing.py", line 2738, in handle
    await included_router._handle_selected(scope, receive, send)
  File "D:\自媒体\漫画工作流\.venv-desktop\Lib\site-packages\fastapi\routing.py", line 1773, in _handle_selected
    await original_route.handle(scope, receive, send)
  File "D:\自媒体\漫画工作流\.venv-desktop\Lib\site-packages\fastapi\routing.py", line 1264, in handle
    await app(scope, receive, send)
  File "D:\自媒体\漫画工作流\.venv-desktop\Lib\site-packages\fastapi\routing.py", line 150, in app
    await wrap_app_handling_exceptions(app, request)(scope, receive, send)
  File "D:\自媒体\漫画工作流\.venv-desktop\Lib\site-packages\starlette\_exception_handler.py", line 53, in wrapped_app
    raise exc
  File "D:\自媒体\漫画工作流\.venv-desktop\Lib\site-packages\starlette\_exception_handler.py", line 42, in wrapped_app
    await app(scope, receive, sender)
  File "D:\自媒体\漫画工作流\.venv-desktop\Lib\site-packages\fastapi\routing.py", line 136, in app
    response = await f(request)
               ^^^^^^^^^^^^^^^^
  File "D:\自媒体\漫画工作流\.venv-desktop\Lib\site-packages\fastapi\routing.py", line 690, in app
    raw_response = await run_endpoint_function(
                   ^^^^^^^^^^^^^^^^^^^^^^^^^^^^
  File "D:\自媒体\漫画工作流\.venv-desktop\Lib\site-packages\fastapi\routing.py", line 346, in run_endpoint_function
    return await run_in_threadpool(dependant.call, **values)
           ^^^^^^^^^^^^^^^^^^^^^^^^^^^^^^^^^^^^^^^^^^^^^^^^^
  File "D:\自媒体\漫画工作流\.venv-desktop\Lib\site-packages\starlette\concurrency.py", line 34, in run_in_threadpool
    return await anyio.to_thread.run_sync(func)
           ^^^^^^^^^^^^^^^^^^^^^^^^^^^^^^^^^^^^
  File "D:\自媒体\漫画工作流\.venv-desktop\Lib\site-packages\anyio\to_thread.py", line 65, in run_sync
    return await get_async_backend().run_sync_in_worker_thread(
           ^^^^^^^^^^^^^^^^^^^^^^^^^^^^^^^^^^^^^^^^^^^^^^^^^^^^
  File "D:\自媒体\漫画工作流\.venv-desktop\Lib\site-packages\anyio\_backends\_asyncio.py", line 2706, in run_sync_in_worker_thread
    return await future
           ^^^^^^^^^^^^
  File "D:\自媒体\漫画工作流\.venv-desktop\Lib\site-packages\anyio\_backends\_asyncio.py", line 1100, in run
    result = context.run(func, *args)
             ^^^^^^^^^^^^^^^^^^^^^^^^
  File "D:\自媒体/漫画工作流/apps/api\app\api\routes\uploads.py", line 706, in asset_thumbnail
    asset = db.get(Asset, asset_id)
            ^^^^^^^^^^^^^^^^^^^^^^^
  File "D:\自媒体\漫画工作流\.venv-desktop\Lib\site-packages\sqlalchemy\orm\session.py", line 3702, in get
    return self._get_impl(
           ^^^^^^^^^^^^^^^
  File "D:\自媒体\漫画工作流\.venv-desktop\Lib\site-packages\sqlalchemy\orm\session.py", line 3881, in _get_impl
    return db_load_fn(
           ^^^^^^^^^^^
  File "D:\自媒体\漫画工作流\.venv-desktop\Lib\site-packages\sqlalchemy\orm\loading.py", line 695, in load_on_pk_identity
    session.execute(
  File "D:\自媒体\漫画工作流\.venv-desktop\Lib\site-packages\sqlalchemy\orm\session.py", line 2373, in execute
    return self._execute_internal(
           ^^^^^^^^^^^^^^^^^^^^^^^
  File "D:\自媒体\漫画工作流\.venv-desktop\Lib\site-packages\sqlalchemy\orm\session.py", line 2261, in _execute_internal
    conn = self._connection_for_bind(bind)
           ^^^^^^^^^^^^^^^^^^^^^^^^^^^^^^^
  File "D:\自媒体\漫画工作流\.venv-desktop\Lib\site-packages\sqlalchemy\orm\session.py", line 2113, in _connection_for_bind
    return trans._connection_for_bind(engine, execution_options)
           ^^^^^^^^^^^^^^^^^^^^^^^^^^^^^^^^^^^^^^^^^^^^^^^^^^^^^
  File "<string>", line 2, in _connection_for_bind
  File "D:\自媒体\漫画工作流\.venv-desktop\Lib\site-packages\sqlalchemy\orm\state_changes.py", line 137, in _go
    ret_value = fn(self, *arg, **kw)
                ^^^^^^^^^^^^^^^^^^^^
  File "D:\自媒体\漫画工作流\.venv-desktop\Lib\site-packages\sqlalchemy\orm\session.py", line 1191, in _connection_for_bind
    conn = bind.connect()
           ^^^^^^^^^^^^^^
  File "D:\自媒体\漫画工作流\.venv-desktop\Lib\site-packages\sqlalchemy\engine\base.py", line 3295, in connect
    return self._connection_cls(self)
           ^^^^^^^^^^^^^^^^^^^^^^^^^^
  File "D:\自媒体\漫画工作流\.venv-desktop\Lib\site-packages\sqlalchemy\engine\base.py", line 144, in __init__
    self._dbapi_connection = engine.raw_connection()
                             ^^^^^^^^^^^^^^^^^^^^^^^
  File "D:\自媒体\漫画工作流\.venv-desktop\Lib\site-packages\sqlalchemy\engine\base.py", line 3319, in raw_connection
    return self.pool.connect()
           ^^^^^^^^^^^^^^^^^^^
  File "D:\自媒体\漫画工作流\.venv-desktop\Lib\site-packages\sqlalchemy\pool\base.py", line 448, in connect
    return _ConnectionFairy._checkout(self)
           ^^^^^^^^^^^^^^^^^^^^^^^^^^^^^^^^
  File "D:\自媒体\漫画工作流\.venv-desktop\Lib\site-packages\sqlalchemy\pool\base.py", line 1272, in _checkout
    fairy = _ConnectionRecord.checkout(pool)
            ^^^^^^^^^^^^^^^^^^^^^^^^^^^^^^^^
  File "D:\自媒体\漫画工作流\.venv-desktop\Lib\site-packages\sqlalchemy\pool\base.py", line 712, in checkout
    rec = pool._do_get()
          ^^^^^^^^^^^^^^
  File "D:\自媒体\漫画工作流\.venv-desktop\Lib\site-packages\sqlalchemy\pool\impl.py", line 167, in _do_get
    raise exc.TimeoutError(
sqlalchemy.exc.TimeoutError: QueuePool limit of size 5 overflow 10 reached, connection timed out, timeout 30.00 (Background on this error at: https://sqlalche.me/e/20/3o7r)
ERROR:    Exception in ASGI application
Traceback (most recent call last):
  File "D:\自媒体\漫画工作流\.venv-desktop\Lib\site-packages\uvicorn\protocols\http\httptools_impl.py", line 422, in run_asgi
    result = await app(  # type: ignore[func-returns-value]
             ^^^^^^^^^^^^^^^^^^^^^^^^^^^^^^^^^^^^^^^^^^^^^^
  File "D:\自媒体\漫画工作流\.venv-desktop\Lib\site-packages\uvicorn\middleware\proxy_headers.py", line 63, in __call__
    return await self.app(scope, receive, send)
           ^^^^^^^^^^^^^^^^^^^^^^^^^^^^^^^^^^^^
  File "D:\自媒体\漫画工作流\.venv-desktop\Lib\site-packages\fastapi\applications.py", line 1163, in __call__
    await super().__call__(scope, receive, send)
  File "D:\自媒体\漫画工作流\.venv-desktop\Lib\site-packages\starlette\applications.py", line 96, in __call__
    await self.middleware_stack(scope, receive, send)
  File "D:\自媒体\漫画工作流\.venv-desktop\Lib\site-packages\starlette\middleware\errors.py", line 186, in __call__
    raise exc
  File "D:\自媒体\漫画工作流\.venv-desktop\Lib\site-packages\starlette\middleware\errors.py", line 164, in __call__
    await self.app(scope, receive, _send)
  File "D:\自媒体\漫画工作流\.venv-desktop\Lib\site-packages\starlette\middleware\trustedhost.py", line 51, in __call__
    await self.app(scope, receive, send)
  File "D:\自媒体\漫画工作流\.venv-desktop\Lib\site-packages\starlette\middleware\cors.py", line 88, in __call__
    await self.app(scope, receive, send)
  File "D:\自媒体/漫画工作流/apps/api\app\request_limits.py", line 232, in __call__
    await self.app(scope, receive, send)
  File "D:\自媒体\漫画工作流\.venv-desktop\Lib\site-packages\starlette\middleware\exceptions.py", line 63, in __call__
    await wrap_app_handling_exceptions(self.app, conn)(scope, receive, send)
  File "D:\自媒体\漫画工作流\.venv-desktop\Lib\site-packages\starlette\_exception_handler.py", line 53, in wrapped_app
    raise exc
  File "D:\自媒体\漫画工作流\.venv-desktop\Lib\site-packages\starlette\_exception_handler.py", line 42, in wrapped_app
    await app(scope, receive, sender)
  File "D:\自媒体\漫画工作流\.venv-desktop\Lib\site-packages\fastapi\middleware\asyncexitstack.py", line 18, in __call__
    await self.app(scope, receive, send)
  File "D:\自媒体\漫画工作流\.venv-desktop\Lib\site-packages\starlette\routing.py", line 670, in __call__
    await self.middleware_stack(scope, receive, send)
  File "D:\自媒体\漫画工作流\.venv-desktop\Lib\site-packages\fastapi\routing.py", line 2683, in app
    await route.handle(scope, receive, send)
  File "D:\自媒体\漫画工作流\.venv-desktop\Lib\site-packages\fastapi\routing.py", line 1753, in handle
    await self.original_router.handle(scope, receive, send)
  File "D:\自媒体\漫画工作流\.venv-desktop\Lib\site-packages\fastapi\routing.py", line 2738, in handle
    await included_router._handle_selected(scope, receive, send)
  File "D:\自媒体\漫画工作流\.venv-desktop\Lib\site-packages\fastapi\routing.py", line 1764, in _handle_selected
    await route.handle(scope, receive, send)
  File "D:\自媒体\漫画工作流\.venv-desktop\Lib\site-packages\fastapi\routing.py", line 1753, in handle
    await self.original_router.handle(scope, receive, send)
  File "D:\自媒体\漫画工作流\.venv-desktop\Lib\site-packages\fastapi\routing.py", line 2738, in handle
    await included_router._handle_selected(scope, receive, send)
  File "D:\自媒体\漫画工作流\.venv-desktop\Lib\site-packages\fastapi\routing.py", line 1773, in _handle_selected
    await original_route.handle(scope, receive, send)
  File "D:\自媒体\漫画工作流\.venv-desktop\Lib\site-packages\fastapi\routing.py", line 1264, in handle
    await app(scope, receive, send)
  File "D:\自媒体\漫画工作流\.venv-desktop\Lib\site-packages\fastapi\routing.py", line 150, in app
    await wrap_app_handling_exceptions(app, request)(scope, receive, send)
  File "D:\自媒体\漫画工作流\.venv-desktop\Lib\site-packages\starlette\_exception_handler.py", line 53, in wrapped_app
    raise exc
  File "D:\自媒体\漫画工作流\.venv-desktop\Lib\site-packages\starlette\_exception_handler.py", line 42, in wrapped_app
    await app(scope, receive, sender)
  File "D:\自媒体\漫画工作流\.venv-desktop\Lib\site-packages\fastapi\routing.py", line 136, in app
    response = await f(request)
               ^^^^^^^^^^^^^^^^
  File "D:\自媒体\漫画工作流\.venv-desktop\Lib\site-packages\fastapi\routing.py", line 690, in app
    raw_response = await run_endpoint_function(
                   ^^^^^^^^^^^^^^^^^^^^^^^^^^^^
  File "D:\自媒体\漫画工作流\.venv-desktop\Lib\site-packages\fastapi\routing.py", line 346, in run_endpoint_function
    return await run_in_threadpool(dependant.call, **values)
           ^^^^^^^^^^^^^^^^^^^^^^^^^^^^^^^^^^^^^^^^^^^^^^^^^
  File "D:\自媒体\漫画工作流\.venv-desktop\Lib\site-packages\starlette\concurrency.py", line 34, in run_in_threadpool
    return await anyio.to_thread.run_sync(func)
           ^^^^^^^^^^^^^^^^^^^^^^^^^^^^^^^^^^^^
  File "D:\自媒体\漫画工作流\.venv-desktop\Lib\site-packages\anyio\to_thread.py", line 65, in run_sync
    return await get_async_backend().run_sync_in_worker_thread(
           ^^^^^^^^^^^^^^^^^^^^^^^^^^^^^^^^^^^^^^^^^^^^^^^^^^^^
  File "D:\自媒体\漫画工作流\.venv-desktop\Lib\site-packages\anyio\_backends\_asyncio.py", line 2706, in run_sync_in_worker_thread
    return await future
           ^^^^^^^^^^^^
  File "D:\自媒体\漫画工作流\.venv-desktop\Lib\site-packages\anyio\_backends\_asyncio.py", line 1100, in run
    result = context.run(func, *args)
             ^^^^^^^^^^^^^^^^^^^^^^^^
  File "D:\自媒体/漫画工作流/apps/api\app\api\routes\uploads.py", line 706, in asset_thumbnail
    asset = db.get(Asset, asset_id)
            ^^^^^^^^^^^^^^^^^^^^^^^
  File "D:\自媒体\漫画工作流\.venv-desktop\Lib\site-packages\sqlalchemy\orm\session.py", line 3702, in get
    return self._get_impl(
           ^^^^^^^^^^^^^^^
  File "D:\自媒体\漫画工作流\.venv-desktop\Lib\site-packages\sqlalchemy\orm\session.py", line 3881, in _get_impl
    return db_load_fn(
           ^^^^^^^^^^^
  File "D:\自媒体\漫画工作流\.venv-desktop\Lib\site-packages\sqlalchemy\orm\loading.py", line 695, in load_on_pk_identity
    session.execute(
  File "D:\自媒体\漫画工作流\.venv-desktop\Lib\site-packages\sqlalchemy\orm\session.py", line 2373, in execute
    return self._execute_internal(
           ^^^^^^^^^^^^^^^^^^^^^^^
  File "D:\自媒体\漫画工作流\.venv-desktop\Lib\site-packages\sqlalchemy\orm\session.py", line 2261, in _execute_internal
    conn = self._connection_for_bind(bind)
           ^^^^^^^^^^^^^^^^^^^^^^^^^^^^^^^
  File "D:\自媒体\漫画工作流\.venv-desktop\Lib\site-packages\sqlalchemy\orm\session.py", line 2113, in _connection_for_bind
    return trans._connection_for_bind(engine, execution_options)
           ^^^^^^^^^^^^^^^^^^^^^^^^^^^^^^^^^^^^^^^^^^^^^^^^^^^^^
  File "<string>", line 2, in _connection_for_bind
  File "D:\自媒体\漫画工作流\.venv-desktop\Lib\site-packages\sqlalchemy\orm\state_changes.py", line 137, in _go
    ret_value = fn(self, *arg, **kw)
                ^^^^^^^^^^^^^^^^^^^^
  File "D:\自媒体\漫画工作流\.venv-desktop\Lib\site-packages\sqlalchemy\orm\session.py", line 1191, in _connection_for_bind
    conn = bind.connect()
           ^^^^^^^^^^^^^^
  File "D:\自媒体\漫画工作流\.venv-desktop\Lib\site-packages\sqlalchemy\engine\base.py", line 3295, in connect
    return self._connection_cls(self)
           ^^^^^^^^^^^^^^^^^^^^^^^^^^
  File "D:\自媒体\漫画工作流\.venv-desktop\Lib\site-packages\sqlalchemy\engine\base.py", line 144, in __init__
    self._dbapi_connection = engine.raw_connection()
                             ^^^^^^^^^^^^^^^^^^^^^^^
  File "D:\自媒体\漫画工作流\.venv-desktop\Lib\site-packages\sqlalchemy\engine\base.py", line 3319, in raw_connection
    return self.pool.connect()
           ^^^^^^^^^^^^^^^^^^^
  File "D:\自媒体\漫画工作流\.venv-desktop\Lib\site-packages\sqlalchemy\pool\base.py", line 448, in connect
    return _ConnectionFairy._checkout(self)
           ^^^^^^^^^^^^^^^^^^^^^^^^^^^^^^^^
  File "D:\自媒体\漫画工作流\.venv-desktop\Lib\site-packages\sqlalchemy\pool\base.py", line 1272, in _checkout
    fairy = _ConnectionRecord.checkout(pool)
            ^^^^^^^^^^^^^^^^^^^^^^^^^^^^^^^^
  File "D:\自媒体\漫画工作流\.venv-desktop\Lib\site-packages\sqlalchemy\pool\base.py", line 712, in checkout
    rec = pool._do_get()
          ^^^^^^^^^^^^^^
  File "D:\自媒体\漫画工作流\.venv-desktop\Lib\site-packages\sqlalchemy\pool\impl.py", line 167, in _do_get
    raise exc.TimeoutError(
sqlalchemy.exc.TimeoutError: QueuePool limit of size 5 overflow 10 reached, connection timed out, timeout 30.00 (Background on this error at: https://sqlalche.me/e/20/3o7r)
ERROR:    Exception in ASGI application
Traceback (most recent call last):
  File "D:\自媒体\漫画工作流\.venv-desktop\Lib\site-packages\uvicorn\protocols\http\httptools_impl.py", line 422, in run_asgi
    result = await app(  # type: ignore[func-returns-value]
             ^^^^^^^^^^^^^^^^^^^^^^^^^^^^^^^^^^^^^^^^^^^^^^
  File "D:\自媒体\漫画工作流\.venv-desktop\Lib\site-packages\uvicorn\middleware\proxy_headers.py", line 63, in __call__
    return await self.app(scope, receive, send)
           ^^^^^^^^^^^^^^^^^^^^^^^^^^^^^^^^^^^^
  File "D:\自媒体\漫画工作流\.venv-desktop\Lib\site-packages\fastapi\applications.py", line 1163, in __call__
    await super().__call__(scope, receive, send)
  File "D:\自媒体\漫画工作流\.venv-desktop\Lib\site-packages\starlette\applications.py", line 96, in __call__
    await self.middleware_stack(scope, receive, send)
  File "D:\自媒体\漫画工作流\.venv-desktop\Lib\site-packages\starlette\middleware\errors.py", line 186, in __call__
    raise exc
  File "D:\自媒体\漫画工作流\.venv-desktop\Lib\site-packages\starlette\middleware\errors.py", line 164, in __call__
    await self.app(scope, receive, _send)
  File "D:\自媒体\漫画工作流\.venv-desktop\Lib\site-packages\starlette\middleware\trustedhost.py", line 51, in __call__
    await self.app(scope, receive, send)
  File "D:\自媒体\漫画工作流\.venv-desktop\Lib\site-packages\starlette\middleware\cors.py", line 88, in __call__
    await self.app(scope, receive, send)
  File "D:\自媒体/漫画工作流/apps/api\app\request_limits.py", line 232, in __call__
    await self.app(scope, receive, send)
  File "D:\自媒体\漫画工作流\.venv-desktop\Lib\site-packages\starlette\middleware\exceptions.py", line 63, in __call__
    await wrap_app_handling_exceptions(self.app, conn)(scope, receive, send)
  File "D:\自媒体\漫画工作流\.venv-desktop\Lib\site-packages\starlette\_exception_handler.py", line 53, in wrapped_app
    raise exc
  File "D:\自媒体\漫画工作流\.venv-desktop\Lib\site-packages\starlette\_exception_handler.py", line 42, in wrapped_app
    await app(scope, receive, sender)
  File "D:\自媒体\漫画工作流\.venv-desktop\Lib\site-packages\fastapi\middleware\asyncexitstack.py", line 18, in __call__
    await self.app(scope, receive, send)
  File "D:\自媒体\漫画工作流\.venv-desktop\Lib\site-packages\starlette\routing.py", line 670, in __call__
    await self.middleware_stack(scope, receive, send)
  File "D:\自媒体\漫画工作流\.venv-desktop\Lib\site-packages\fastapi\routing.py", line 2683, in app
    await route.handle(scope, receive, send)
  File "D:\自媒体\漫画工作流\.venv-desktop\Lib\site-packages\fastapi\routing.py", line 1753, in handle
    await self.original_router.handle(scope, receive, send)
  File "D:\自媒体\漫画工作流\.venv-desktop\Lib\site-packages\fastapi\routing.py", line 2738, in handle
    await included_router._handle_selected(scope, receive, send)
  File "D:\自媒体\漫画工作流\.venv-desktop\Lib\site-packages\fastapi\routing.py", line 1764, in _handle_selected
    await route.handle(scope, receive, send)
  File "D:\自媒体\漫画工作流\.venv-desktop\Lib\site-packages\fastapi\routing.py", line 1753, in handle
    await self.original_router.handle(scope, receive, send)
  File "D:\自媒体\漫画工作流\.venv-desktop\Lib\site-packages\fastapi\routing.py", line 2738, in handle
    await included_router._handle_selected(scope, receive, send)
  File "D:\自媒体\漫画工作流\.venv-desktop\Lib\site-packages\fastapi\routing.py", line 1773, in _handle_selected
    await original_route.handle(scope, receive, send)
  File "D:\自媒体\漫画工作流\.venv-desktop\Lib\site-packages\fastapi\routing.py", line 1264, in handle
    await app(scope, receive, send)
  File "D:\自媒体\漫画工作流\.venv-desktop\Lib\site-packages\fastapi\routing.py", line 150, in app
    await wrap_app_handling_exceptions(app, request)(scope, receive, send)
  File "D:\自媒体\漫画工作流\.venv-desktop\Lib\site-packages\starlette\_exception_handler.py", line 53, in wrapped_app
    raise exc
  File "D:\自媒体\漫画工作流\.venv-desktop\Lib\site-packages\starlette\_exception_handler.py", line 42, in wrapped_app
    await app(scope, receive, sender)
  File "D:\自媒体\漫画工作流\.venv-desktop\Lib\site-packages\fastapi\routing.py", line 136, in app
    response = await f(request)
               ^^^^^^^^^^^^^^^^
  File "D:\自媒体\漫画工作流\.venv-desktop\Lib\site-packages\fastapi\routing.py", line 690, in app
    raw_response = await run_endpoint_function(
                   ^^^^^^^^^^^^^^^^^^^^^^^^^^^^
  File "D:\自媒体\漫画工作流\.venv-desktop\Lib\site-packages\fastapi\routing.py", line 346, in run_endpoint_function
    return await run_in_threadpool(dependant.call, **values)
           ^^^^^^^^^^^^^^^^^^^^^^^^^^^^^^^^^^^^^^^^^^^^^^^^^
  File "D:\自媒体\漫画工作流\.venv-desktop\Lib\site-packages\starlette\concurrency.py", line 34, in run_in_threadpool
    return await anyio.to_thread.run_sync(func)
           ^^^^^^^^^^^^^^^^^^^^^^^^^^^^^^^^^^^^
  File "D:\自媒体\漫画工作流\.venv-desktop\Lib\site-packages\anyio\to_thread.py", line 65, in run_sync
    return await get_async_backend().run_sync_in_worker_thread(
           ^^^^^^^^^^^^^^^^^^^^^^^^^^^^^^^^^^^^^^^^^^^^^^^^^^^^
  File "D:\自媒体\漫画工作流\.venv-desktop\Lib\site-packages\anyio\_backends\_asyncio.py", line 2706, in run_sync_in_worker_thread
    return await future
           ^^^^^^^^^^^^
  File "D:\自媒体\漫画工作流\.venv-desktop\Lib\site-packages\anyio\_backends\_asyncio.py", line 1100, in run
    result = context.run(func, *args)
             ^^^^^^^^^^^^^^^^^^^^^^^^
  File "D:\自媒体/漫画工作流/apps/api\app\api\routes\uploads.py", line 706, in asset_thumbnail
    asset = db.get(Asset, asset_id)
            ^^^^^^^^^^^^^^^^^^^^^^^
  File "D:\自媒体\漫画工作流\.venv-desktop\Lib\site-packages\sqlalchemy\orm\session.py", line 3702, in get
    return self._get_impl(
           ^^^^^^^^^^^^^^^
  File "D:\自媒体\漫画工作流\.venv-desktop\Lib\site-packages\sqlalchemy\orm\session.py", line 3881, in _get_impl
    return db_load_fn(
           ^^^^^^^^^^^
  File "D:\自媒体\漫画工作流\.venv-desktop\Lib\site-packages\sqlalchemy\orm\loading.py", line 695, in load_on_pk_identity
    session.execute(
  File "D:\自媒体\漫画工作流\.venv-desktop\Lib\site-packages\sqlalchemy\orm\session.py", line 2373, in execute
    return self._execute_internal(
           ^^^^^^^^^^^^^^^^^^^^^^^
  File "D:\自媒体\漫画工作流\.venv-desktop\Lib\site-packages\sqlalchemy\orm\session.py", line 2261, in _execute_internal
    conn = self._connection_for_bind(bind)
           ^^^^^^^^^^^^^^^^^^^^^^^^^^^^^^^
  File "D:\自媒体\漫画工作流\.venv-desktop\Lib\site-packages\sqlalchemy\orm\session.py", line 2113, in _connection_for_bind
    return trans._connection_for_bind(engine, execution_options)
           ^^^^^^^^^^^^^^^^^^^^^^^^^^^^^^^^^^^^^^^^^^^^^^^^^^^^^
  File "<string>", line 2, in _connection_for_bind
  File "D:\自媒体\漫画工作流\.venv-desktop\Lib\site-packages\sqlalchemy\orm\state_changes.py", line 137, in _go
    ret_value = fn(self, *arg, **kw)
                ^^^^^^^^^^^^^^^^^^^^
  File "D:\自媒体\漫画工作流\.venv-desktop\Lib\site-packages\sqlalchemy\orm\session.py", line 1191, in _connection_for_bind
    conn = bind.connect()
           ^^^^^^^^^^^^^^
  File "D:\自媒体\漫画工作流\.venv-desktop\Lib\site-packages\sqlalchemy\engine\base.py", line 3295, in connect
    return self._connection_cls(self)
           ^^^^^^^^^^^^^^^^^^^^^^^^^^
  File "D:\自媒体\漫画工作流\.venv-desktop\Lib\site-packages\sqlalchemy\engine\base.py", line 144, in __init__
    self._dbapi_connection = engine.raw_connection()
                             ^^^^^^^^^^^^^^^^^^^^^^^
  File "D:\自媒体\漫画工作流\.venv-desktop\Lib\site-packages\sqlalchemy\engine\base.py", line 3319, in raw_connection
    return self.pool.connect()
           ^^^^^^^^^^^^^^^^^^^
  File "D:\自媒体\漫画工作流\.venv-desktop\Lib\site-packages\sqlalchemy\pool\base.py", line 448, in connect
    return _ConnectionFairy._checkout(self)
           ^^^^^^^^^^^^^^^^^^^^^^^^^^^^^^^^
  File "D:\自媒体\漫画工作流\.venv-desktop\Lib\site-packages\sqlalchemy\pool\base.py", line 1272, in _checkout
    fairy = _ConnectionRecord.checkout(pool)
            ^^^^^^^^^^^^^^^^^^^^^^^^^^^^^^^^
  File "D:\自媒体\漫画工作流\.venv-desktop\Lib\site-packages\sqlalchemy\pool\base.py", line 712, in checkout
    rec = pool._do_get()
          ^^^^^^^^^^^^^^
  File "D:\自媒体\漫画工作流\.venv-desktop\Lib\site-packages\sqlalchemy\pool\impl.py", line 167, in _do_get
    raise exc.TimeoutError(
sqlalchemy.exc.TimeoutError: QueuePool limit of size 5 overflow 10 reached, connection timed out, timeout 30.00 (Background on this error at: https://sqlalche.me/e/20/3o7r)
ERROR:    Exception in ASGI application
Traceback (most recent call last):
  File "D:\自媒体\漫画工作流\.venv-desktop\Lib\site-packages\uvicorn\protocols\http\httptools_impl.py", line 422, in run_asgi
    result = await app(  # type: ignore[func-returns-value]
             ^^^^^^^^^^^^^^^^^^^^^^^^^^^^^^^^^^^^^^^^^^^^^^
  File "D:\自媒体\漫画工作流\.venv-desktop\Lib\site-packages\uvicorn\middleware\proxy_headers.py", line 63, in __call__
    return await self.app(scope, receive, send)
           ^^^^^^^^^^^^^^^^^^^^^^^^^^^^^^^^^^^^
  File "D:\自媒体\漫画工作流\.venv-desktop\Lib\site-packages\fastapi\applications.py", line 1163, in __call__
    await super().__call__(scope, receive, send)
  File "D:\自媒体\漫画工作流\.venv-desktop\Lib\site-packages\starlette\applications.py", line 96, in __call__
    await self.middleware_stack(scope, receive, send)
  File "D:\自媒体\漫画工作流\.venv-desktop\Lib\site-packages\starlette\middleware\errors.py", line 186, in __call__
    raise exc
  File "D:\自媒体\漫画工作流\.venv-desktop\Lib\site-packages\starlette\middleware\errors.py", line 164, in __call__
    await self.app(scope, receive, _send)
  File "D:\自媒体\漫画工作流\.venv-desktop\Lib\site-packages\starlette\middleware\trustedhost.py", line 51, in __call__
    await self.app(scope, receive, send)
  File "D:\自媒体\漫画工作流\.venv-desktop\Lib\site-packages\starlette\middleware\cors.py", line 88, in __call__
    await self.app(scope, receive, send)
  File "D:\自媒体/漫画工作流/apps/api\app\request_limits.py", line 232, in __call__
    await self.app(scope, receive, send)
  File "D:\自媒体\漫画工作流\.venv-desktop\Lib\site-packages\starlette\middleware\exceptions.py", line 63, in __call__
    await wrap_app_handling_exceptions(self.app, conn)(scope, receive, send)
  File "D:\自媒体\漫画工作流\.venv-desktop\Lib\site-packages\starlette\_exception_handler.py", line 53, in wrapped_app
    raise exc
  File "D:\自媒体\漫画工作流\.venv-desktop\Lib\site-packages\starlette\_exception_handler.py", line 42, in wrapped_app
    await app(scope, receive, sender)
  File "D:\自媒体\漫画工作流\.venv-desktop\Lib\site-packages\fastapi\middleware\asyncexitstack.py", line 18, in __call__
    await self.app(scope, receive, send)
  File "D:\自媒体\漫画工作流\.venv-desktop\Lib\site-packages\starlette\routing.py", line 670, in __call__
    await self.middleware_stack(scope, receive, send)
  File "D:\自媒体\漫画工作流\.venv-desktop\Lib\site-packages\fastapi\routing.py", line 2683, in app
    await route.handle(scope, receive, send)
  File "D:\自媒体\漫画工作流\.venv-desktop\Lib\site-packages\fastapi\routing.py", line 1753, in handle
    await self.original_router.handle(scope, receive, send)
  File "D:\自媒体\漫画工作流\.venv-desktop\Lib\site-packages\fastapi\routing.py", line 2738, in handle
    await included_router._handle_selected(scope, receive, send)
  File "D:\自媒体\漫画工作流\.venv-desktop\Lib\site-packages\fastapi\routing.py", line 1764, in _handle_selected
    await route.handle(scope, receive, send)
  File "D:\自媒体\漫画工作流\.venv-desktop\Lib\site-packages\fastapi\routing.py", line 1753, in handle
    await self.original_router.handle(scope, receive, send)
  File "D:\自媒体\漫画工作流\.venv-desktop\Lib\site-packages\fastapi\routing.py", line 2738, in handle
    await included_router._handle_selected(scope, receive, send)
  File "D:\自媒体\漫画工作流\.venv-desktop\Lib\site-packages\fastapi\routing.py", line 1773, in _handle_selected
    await original_route.handle(scope, receive, send)
  File "D:\自媒体\漫画工作流\.venv-desktop\Lib\site-packages\fastapi\routing.py", line 1264, in handle
    await app(scope, receive, send)
  File "D:\自媒体\漫画工作流\.venv-desktop\Lib\site-packages\fastapi\routing.py", line 150, in app
    await wrap_app_handling_exceptions(app, request)(scope, receive, send)
  File "D:\自媒体\漫画工作流\.venv-desktop\Lib\site-packages\starlette\_exception_handler.py", line 53, in wrapped_app
    raise exc
  File "D:\自媒体\漫画工作流\.venv-desktop\Lib\site-packages\starlette\_exception_handler.py", line 42, in wrapped_app
    await app(scope, receive, sender)
  File "D:\自媒体\漫画工作流\.venv-desktop\Lib\site-packages\fastapi\routing.py", line 136, in app
    response = await f(request)
               ^^^^^^^^^^^^^^^^
  File "D:\自媒体\漫画工作流\.venv-desktop\Lib\site-packages\fastapi\routing.py", line 690, in app
    raw_response = await run_endpoint_function(
                   ^^^^^^^^^^^^^^^^^^^^^^^^^^^^
  File "D:\自媒体\漫画工作流\.venv-desktop\Lib\site-packages\fastapi\routing.py", line 346, in run_endpoint_function
    return await run_in_threadpool(dependant.call, **values)
           ^^^^^^^^^^^^^^^^^^^^^^^^^^^^^^^^^^^^^^^^^^^^^^^^^
  File "D:\自媒体\漫画工作流\.venv-desktop\Lib\site-packages\starlette\concurrency.py", line 34, in run_in_threadpool
    return await anyio.to_thread.run_sync(func)
           ^^^^^^^^^^^^^^^^^^^^^^^^^^^^^^^^^^^^
  File "D:\自媒体\漫画工作流\.venv-desktop\Lib\site-packages\anyio\to_thread.py", line 65, in run_sync
    return await get_async_backend().run_sync_in_worker_thread(
           ^^^^^^^^^^^^^^^^^^^^^^^^^^^^^^^^^^^^^^^^^^^^^^^^^^^^
  File "D:\自媒体\漫画工作流\.venv-desktop\Lib\site-packages\anyio\_backends\_asyncio.py", line 2706, in run_sync_in_worker_thread
    return await future
           ^^^^^^^^^^^^
  File "D:\自媒体\漫画工作流\.venv-desktop\Lib\site-packages\anyio\_backends\_asyncio.py", line 1100, in run
    result = context.run(func, *args)
             ^^^^^^^^^^^^^^^^^^^^^^^^
  File "D:\自媒体/漫画工作流/apps/api\app\api\routes\uploads.py", line 706, in asset_thumbnail
    asset = db.get(Asset, asset_id)
            ^^^^^^^^^^^^^^^^^^^^^^^
  File "D:\自媒体\漫画工作流\.venv-desktop\Lib\site-packages\sqlalchemy\orm\session.py", line 3702, in get
    return self._get_impl(
           ^^^^^^^^^^^^^^^
  File "D:\自媒体\漫画工作流\.venv-desktop\Lib\site-packages\sqlalchemy\orm\session.py", line 3881, in _get_impl
    return db_load_fn(
           ^^^^^^^^^^^
  File "D:\自媒体\漫画工作流\.venv-desktop\Lib\site-packages\sqlalchemy\orm\loading.py", line 695, in load_on_pk_identity
    session.execute(
  File "D:\自媒体\漫画工作流\.venv-desktop\Lib\site-packages\sqlalchemy\orm\session.py", line 2373, in execute
    return self._execute_internal(
           ^^^^^^^^^^^^^^^^^^^^^^^
  File "D:\自媒体\漫画工作流\.venv-desktop\Lib\site-packages\sqlalchemy\orm\session.py", line 2261, in _execute_internal
    conn = self._connection_for_bind(bind)
           ^^^^^^^^^^^^^^^^^^^^^^^^^^^^^^^
  File "D:\自媒体\漫画工作流\.venv-desktop\Lib\site-packages\sqlalchemy\orm\session.py", line 2113, in _connection_for_bind
    return trans._connection_for_bind(engine, execution_options)
           ^^^^^^^^^^^^^^^^^^^^^^^^^^^^^^^^^^^^^^^^^^^^^^^^^^^^^
  File "<string>", line 2, in _connection_for_bind
  File "D:\自媒体\漫画工作流\.venv-desktop\Lib\site-packages\sqlalchemy\orm\state_changes.py", line 137, in _go
    ret_value = fn(self, *arg, **kw)
                ^^^^^^^^^^^^^^^^^^^^
  File "D:\自媒体\漫画工作流\.venv-desktop\Lib\site-packages\sqlalchemy\orm\session.py", line 1191, in _connection_for_bind
    conn = bind.connect()
           ^^^^^^^^^^^^^^
  File "D:\自媒体\漫画工作流\.venv-desktop\Lib\site-packages\sqlalchemy\engine\base.py", line 3295, in connect
    return self._connection_cls(self)
           ^^^^^^^^^^^^^^^^^^^^^^^^^^
  File "D:\自媒体\漫画工作流\.venv-desktop\Lib\site-packages\sqlalchemy\engine\base.py", line 144, in __init__
    self._dbapi_connection = engine.raw_connection()
                             ^^^^^^^^^^^^^^^^^^^^^^^
  File "D:\自媒体\漫画工作流\.venv-desktop\Lib\site-packages\sqlalchemy\engine\base.py", line 3319, in raw_connection
    return self.pool.connect()
           ^^^^^^^^^^^^^^^^^^^
  File "D:\自媒体\漫画工作流\.venv-desktop\Lib\site-packages\sqlalchemy\pool\base.py", line 448, in connect
    return _ConnectionFairy._checkout(self)
           ^^^^^^^^^^^^^^^^^^^^^^^^^^^^^^^^
  File "D:\自媒体\漫画工作流\.venv-desktop\Lib\site-packages\sqlalchemy\pool\base.py", line 1272, in _checkout
    fairy = _ConnectionRecord.checkout(pool)
            ^^^^^^^^^^^^^^^^^^^^^^^^^^^^^^^^
  File "D:\自媒体\漫画工作流\.venv-desktop\Lib\site-packages\sqlalchemy\pool\base.py", line 712, in checkout
    rec = pool._do_get()
          ^^^^^^^^^^^^^^
  File "D:\自媒体\漫画工作流\.venv-desktop\Lib\site-packages\sqlalchemy\pool\impl.py", line 167, in _do_get
    raise exc.TimeoutError(
sqlalchemy.exc.TimeoutError: QueuePool limit of size 5 overflow 10 reached, connection timed out, timeout 30.00 (Background on this error at: https://sqlalche.me/e/20/3o7r)
ERROR:    Exception in ASGI application
Traceback (most recent call last):
  File "D:\自媒体\漫画工作流\.venv-desktop\Lib\site-packages\uvicorn\protocols\http\httptools_impl.py", line 422, in run_asgi
    result = await app(  # type: ignore[func-returns-value]
             ^^^^^^^^^^^^^^^^^^^^^^^^^^^^^^^^^^^^^^^^^^^^^^
  File "D:\自媒体\漫画工作流\.venv-desktop\Lib\site-packages\uvicorn\middleware\proxy_headers.py", line 63, in __call__
    return await self.app(scope, receive, send)
           ^^^^^^^^^^^^^^^^^^^^^^^^^^^^^^^^^^^^
  File "D:\自媒体\漫画工作流\.venv-desktop\Lib\site-packages\fastapi\applications.py", line 1163, in __call__
    await super().__call__(scope, receive, send)
  File "D:\自媒体\漫画工作流\.venv-desktop\Lib\site-packages\starlette\applications.py", line 96, in __call__
    await self.middleware_stack(scope, receive, send)
  File "D:\自媒体\漫画工作流\.venv-desktop\Lib\site-packages\starlette\middleware\errors.py", line 186, in __call__
    raise exc
  File "D:\自媒体\漫画工作流\.venv-desktop\Lib\site-packages\starlette\middleware\errors.py", line 164, in __call__
    await self.app(scope, receive, _send)
  File "D:\自媒体\漫画工作流\.venv-desktop\Lib\site-packages\starlette\middleware\trustedhost.py", line 51, in __call__
    await self.app(scope, receive, send)
  File "D:\自媒体\漫画工作流\.venv-desktop\Lib\site-packages\starlette\middleware\cors.py", line 88, in __call__
    await self.app(scope, receive, send)
  File "D:\自媒体/漫画工作流/apps/api\app\request_limits.py", line 232, in __call__
    await self.app(scope, receive, send)
  File "D:\自媒体\漫画工作流\.venv-desktop\Lib\site-packages\starlette\middleware\exceptions.py", line 63, in __call__
    await wrap_app_handling_exceptions(self.app, conn)(scope, receive, send)
  File "D:\自媒体\漫画工作流\.venv-desktop\Lib\site-packages\starlette\_exception_handler.py", line 53, in wrapped_app
    raise exc
  File "D:\自媒体\漫画工作流\.venv-desktop\Lib\site-packages\starlette\_exception_handler.py", line 42, in wrapped_app
    await app(scope, receive, sender)
  File "D:\自媒体\漫画工作流\.venv-desktop\Lib\site-packages\fastapi\middleware\asyncexitstack.py", line 18, in __call__
    await self.app(scope, receive, send)
  File "D:\自媒体\漫画工作流\.venv-desktop\Lib\site-packages\starlette\routing.py", line 670, in __call__
    await self.middleware_stack(scope, receive, send)
  File "D:\自媒体\漫画工作流\.venv-desktop\Lib\site-packages\fastapi\routing.py", line 2683, in app
    await route.handle(scope, receive, send)
  File "D:\自媒体\漫画工作流\.venv-desktop\Lib\site-packages\fastapi\routing.py", line 1753, in handle
    await self.original_router.handle(scope, receive, send)
  File "D:\自媒体\漫画工作流\.venv-desktop\Lib\site-packages\fastapi\routing.py", line 2738, in handle
    await included_router._handle_selected(scope, receive, send)
  File "D:\自媒体\漫画工作流\.venv-desktop\Lib\site-packages\fastapi\routing.py", line 1764, in _handle_selected
    await route.handle(scope, receive, send)
  File "D:\自媒体\漫画工作流\.venv-desktop\Lib\site-packages\fastapi\routing.py", line 1753, in handle
    await self.original_router.handle(scope, receive, send)
  File "D:\自媒体\漫画工作流\.venv-desktop\Lib\site-packages\fastapi\routing.py", line 2738, in handle
    await included_router._handle_selected(scope, receive, send)
  File "D:\自媒体\漫画工作流\.venv-desktop\Lib\site-packages\fastapi\routing.py", line 1773, in _handle_selected
    await original_route.handle(scope, receive, send)
  File "D:\自媒体\漫画工作流\.venv-desktop\Lib\site-packages\fastapi\routing.py", line 1264, in handle
    await app(scope, receive, send)
  File "D:\自媒体\漫画工作流\.venv-desktop\Lib\site-packages\fastapi\routing.py", line 150, in app
    await wrap_app_handling_exceptions(app, request)(scope, receive, send)
  File "D:\自媒体\漫画工作流\.venv-desktop\Lib\site-packages\starlette\_exception_handler.py", line 53, in wrapped_app
    raise exc
  File "D:\自媒体\漫画工作流\.venv-desktop\Lib\site-packages\starlette\_exception_handler.py", line 42, in wrapped_app
    await app(scope, receive, sender)
  File "D:\自媒体\漫画工作流\.venv-desktop\Lib\site-packages\fastapi\routing.py", line 136, in app
    response = await f(request)
               ^^^^^^^^^^^^^^^^
  File "D:\自媒体\漫画工作流\.venv-desktop\Lib\site-packages\fastapi\routing.py", line 690, in app
    raw_response = await run_endpoint_function(
                   ^^^^^^^^^^^^^^^^^^^^^^^^^^^^
  File "D:\自媒体\漫画工作流\.venv-desktop\Lib\site-packages\fastapi\routing.py", line 346, in run_endpoint_function
    return await run_in_threadpool(dependant.call, **values)
           ^^^^^^^^^^^^^^^^^^^^^^^^^^^^^^^^^^^^^^^^^^^^^^^^^
  File "D:\自媒体\漫画工作流\.venv-desktop\Lib\site-packages\starlette\concurrency.py", line 34, in run_in_threadpool
    return await anyio.to_thread.run_sync(func)
           ^^^^^^^^^^^^^^^^^^^^^^^^^^^^^^^^^^^^
  File "D:\自媒体\漫画工作流\.venv-desktop\Lib\site-packages\anyio\to_thread.py", line 65, in run_sync
    return await get_async_backend().run_sync_in_worker_thread(
           ^^^^^^^^^^^^^^^^^^^^^^^^^^^^^^^^^^^^^^^^^^^^^^^^^^^^
  File "D:\自媒体\漫画工作流\.venv-desktop\Lib\site-packages\anyio\_backends\_asyncio.py", line 2706, in run_sync_in_worker_thread
    return await future
           ^^^^^^^^^^^^
  File "D:\自媒体\漫画工作流\.venv-desktop\Lib\site-packages\anyio\_backends\_asyncio.py", line 1100, in run
    result = context.run(func, *args)
             ^^^^^^^^^^^^^^^^^^^^^^^^
  File "D:\自媒体/漫画工作流/apps/api\app\api\routes\uploads.py", line 706, in asset_thumbnail
    asset = db.get(Asset, asset_id)
            ^^^^^^^^^^^^^^^^^^^^^^^
  File "D:\自媒体\漫画工作流\.venv-desktop\Lib\site-packages\sqlalchemy\orm\session.py", line 3702, in get
    return self._get_impl(
           ^^^^^^^^^^^^^^^
  File "D:\自媒体\漫画工作流\.venv-desktop\Lib\site-packages\sqlalchemy\orm\session.py", line 3881, in _get_impl
    return db_load_fn(
           ^^^^^^^^^^^
  File "D:\自媒体\漫画工作流\.venv-desktop\Lib\site-packages\sqlalchemy\orm\loading.py", line 695, in load_on_pk_identity
    session.execute(
  File "D:\自媒体\漫画工作流\.venv-desktop\Lib\site-packages\sqlalchemy\orm\session.py", line 2373, in execute
    return self._execute_internal(
           ^^^^^^^^^^^^^^^^^^^^^^^
  File "D:\自媒体\漫画工作流\.venv-desktop\Lib\site-packages\sqlalchemy\orm\session.py", line 2261, in _execute_internal
    conn = self._connection_for_bind(bind)
           ^^^^^^^^^^^^^^^^^^^^^^^^^^^^^^^
  File "D:\自媒体\漫画工作流\.venv-desktop\Lib\site-packages\sqlalchemy\orm\session.py", line 2113, in _connection_for_bind
    return trans._connection_for_bind(engine, execution_options)
           ^^^^^^^^^^^^^^^^^^^^^^^^^^^^^^^^^^^^^^^^^^^^^^^^^^^^^
  File "<string>", line 2, in _connection_for_bind
  File "D:\自媒体\漫画工作流\.venv-desktop\Lib\site-packages\sqlalchemy\orm\state_changes.py", line 137, in _go
    ret_value = fn(self, *arg, **kw)
                ^^^^^^^^^^^^^^^^^^^^
  File "D:\自媒体\漫画工作流\.venv-desktop\Lib\site-packages\sqlalchemy\orm\session.py", line 1191, in _connection_for_bind
    conn = bind.connect()
           ^^^^^^^^^^^^^^
  File "D:\自媒体\漫画工作流\.venv-desktop\Lib\site-packages\sqlalchemy\engine\base.py", line 3295, in connect
    return self._connection_cls(self)
           ^^^^^^^^^^^^^^^^^^^^^^^^^^
  File "D:\自媒体\漫画工作流\.venv-desktop\Lib\site-packages\sqlalchemy\engine\base.py", line 144, in __init__
    self._dbapi_connection = engine.raw_connection()
                             ^^^^^^^^^^^^^^^^^^^^^^^
  File "D:\自媒体\漫画工作流\.venv-desktop\Lib\site-packages\sqlalchemy\engine\base.py", line 3319, in raw_connection
    return self.pool.connect()
           ^^^^^^^^^^^^^^^^^^^
  File "D:\自媒体\漫画工作流\.venv-desktop\Lib\site-packages\sqlalchemy\pool\base.py", line 448, in connect
    return _ConnectionFairy._checkout(self)
           ^^^^^^^^^^^^^^^^^^^^^^^^^^^^^^^^
  File "D:\自媒体\漫画工作流\.venv-desktop\Lib\site-packages\sqlalchemy\pool\base.py", line 1272, in _checkout
    fairy = _ConnectionRecord.checkout(pool)
            ^^^^^^^^^^^^^^^^^^^^^^^^^^^^^^^^
  File "D:\自媒体\漫画工作流\.venv-desktop\Lib\site-packages\sqlalchemy\pool\base.py", line 712, in checkout
    rec = pool._do_get()
          ^^^^^^^^^^^^^^
  File "D:\自媒体\漫画工作流\.venv-desktop\Lib\site-packages\sqlalchemy\pool\impl.py", line 167, in _do_get
    raise exc.TimeoutError(
sqlalchemy.exc.TimeoutError: QueuePool limit of size 5 overflow 10 reached, connection timed out, timeout 30.00 (Background on this error at: https://sqlalche.me/e/20/3o7r)
ERROR:    Exception in ASGI application
Traceback (most recent call last):
  File "D:\自媒体\漫画工作流\.venv-desktop\Lib\site-packages\uvicorn\protocols\http\httptools_impl.py", line 422, in run_asgi
    result = await app(  # type: ignore[func-returns-value]
             ^^^^^^^^^^^^^^^^^^^^^^^^^^^^^^^^^^^^^^^^^^^^^^
  File "D:\自媒体\漫画工作流\.venv-desktop\Lib\site-packages\uvicorn\middleware\proxy_headers.py", line 63, in __call__
    return await self.app(scope, receive, send)
           ^^^^^^^^^^^^^^^^^^^^^^^^^^^^^^^^^^^^
  File "D:\自媒体\漫画工作流\.venv-desktop\Lib\site-packages\fastapi\applications.py", line 1163, in __call__
    await super().__call__(scope, receive, send)
  File "D:\自媒体\漫画工作流\.venv-desktop\Lib\site-packages\starlette\applications.py", line 96, in __call__
    await self.middleware_stack(scope, receive, send)
  File "D:\自媒体\漫画工作流\.venv-desktop\Lib\site-packages\starlette\middleware\errors.py", line 186, in __call__
    raise exc
  File "D:\自媒体\漫画工作流\.venv-desktop\Lib\site-packages\starlette\middleware\errors.py", line 164, in __call__
    await self.app(scope, receive, _send)
  File "D:\自媒体\漫画工作流\.venv-desktop\Lib\site-packages\starlette\middleware\trustedhost.py", line 51, in __call__
    await self.app(scope, receive, send)
  File "D:\自媒体\漫画工作流\.venv-desktop\Lib\site-packages\starlette\middleware\cors.py", line 88, in __call__
    await self.app(scope, receive, send)
  File "D:\自媒体/漫画工作流/apps/api\app\request_limits.py", line 232, in __call__
    await self.app(scope, receive, send)
  File "D:\自媒体\漫画工作流\.venv-desktop\Lib\site-packages\starlette\middleware\exceptions.py", line 63, in __call__
    await wrap_app_handling_exceptions(self.app, conn)(scope, receive, send)
  File "D:\自媒体\漫画工作流\.venv-desktop\Lib\site-packages\starlette\_exception_handler.py", line 53, in wrapped_app
    raise exc
  File "D:\自媒体\漫画工作流\.venv-desktop\Lib\site-packages\starlette\_exception_handler.py", line 42, in wrapped_app
    await app(scope, receive, sender)
  File "D:\自媒体\漫画工作流\.venv-desktop\Lib\site-packages\fastapi\middleware\asyncexitstack.py", line 18, in __call__
    await self.app(scope, receive, send)
  File "D:\自媒体\漫画工作流\.venv-desktop\Lib\site-packages\starlette\routing.py", line 670, in __call__
    await self.middleware_stack(scope, receive, send)
  File "D:\自媒体\漫画工作流\.venv-desktop\Lib\site-packages\fastapi\routing.py", line 2683, in app
    await route.handle(scope, receive, send)
  File "D:\自媒体\漫画工作流\.venv-desktop\Lib\site-packages\fastapi\routing.py", line 1753, in handle
    await self.original_router.handle(scope, receive, send)
  File "D:\自媒体\漫画工作流\.venv-desktop\Lib\site-packages\fastapi\routing.py", line 2738, in handle
    await included_router._handle_selected(scope, receive, send)
  File "D:\自媒体\漫画工作流\.venv-desktop\Lib\site-packages\fastapi\routing.py", line 1764, in _handle_selected
    await route.handle(scope, receive, send)
  File "D:\自媒体\漫画工作流\.venv-desktop\Lib\site-packages\fastapi\routing.py", line 1753, in handle
    await self.original_router.handle(scope, receive, send)
  File "D:\自媒体\漫画工作流\.venv-desktop\Lib\site-packages\fastapi\routing.py", line 2738, in handle
    await included_router._handle_selected(scope, receive, send)
  File "D:\自媒体\漫画工作流\.venv-desktop\Lib\site-packages\fastapi\routing.py", line 1773, in _handle_selected
    await original_route.handle(scope, receive, send)
  File "D:\自媒体\漫画工作流\.venv-desktop\Lib\site-packages\fastapi\routing.py", line 1264, in handle
    await app(scope, receive, send)
  File "D:\自媒体\漫画工作流\.venv-desktop\Lib\site-packages\fastapi\routing.py", line 150, in app
    await wrap_app_handling_exceptions(app, request)(scope, receive, send)
  File "D:\自媒体\漫画工作流\.venv-desktop\Lib\site-packages\starlette\_exception_handler.py", line 53, in wrapped_app
    raise exc
  File "D:\自媒体\漫画工作流\.venv-desktop\Lib\site-packages\starlette\_exception_handler.py", line 42, in wrapped_app
    await app(scope, receive, sender)
  File "D:\自媒体\漫画工作流\.venv-desktop\Lib\site-packages\fastapi\routing.py", line 136, in app
    response = await f(request)
               ^^^^^^^^^^^^^^^^
  File "D:\自媒体\漫画工作流\.venv-desktop\Lib\site-packages\fastapi\routing.py", line 690, in app
    raw_response = await run_endpoint_function(
                   ^^^^^^^^^^^^^^^^^^^^^^^^^^^^
  File "D:\自媒体\漫画工作流\.venv-desktop\Lib\site-packages\fastapi\routing.py", line 346, in run_endpoint_function
    return await run_in_threadpool(dependant.call, **values)
           ^^^^^^^^^^^^^^^^^^^^^^^^^^^^^^^^^^^^^^^^^^^^^^^^^
  File "D:\自媒体\漫画工作流\.venv-desktop\Lib\site-packages\starlette\concurrency.py", line 34, in run_in_threadpool
    return await anyio.to_thread.run_sync(func)
           ^^^^^^^^^^^^^^^^^^^^^^^^^^^^^^^^^^^^
  File "D:\自媒体\漫画工作流\.venv-desktop\Lib\site-packages\anyio\to_thread.py", line 65, in run_sync
    return await get_async_backend().run_sync_in_worker_thread(
           ^^^^^^^^^^^^^^^^^^^^^^^^^^^^^^^^^^^^^^^^^^^^^^^^^^^^
  File "D:\自媒体\漫画工作流\.venv-desktop\Lib\site-packages\anyio\_backends\_asyncio.py", line 2706, in run_sync_in_worker_thread
    return await future
           ^^^^^^^^^^^^
  File "D:\自媒体\漫画工作流\.venv-desktop\Lib\site-packages\anyio\_backends\_asyncio.py", line 1100, in run
    result = context.run(func, *args)
             ^^^^^^^^^^^^^^^^^^^^^^^^
  File "D:\自媒体/漫画工作流/apps/api\app\api\routes\uploads.py", line 706, in asset_thumbnail
    asset = db.get(Asset, asset_id)
            ^^^^^^^^^^^^^^^^^^^^^^^
  File "D:\自媒体\漫画工作流\.venv-desktop\Lib\site-packages\sqlalchemy\orm\session.py", line 3702, in get
    return self._get_impl(
           ^^^^^^^^^^^^^^^
  File "D:\自媒体\漫画工作流\.venv-desktop\Lib\site-packages\sqlalchemy\orm\session.py", line 3881, in _get_impl
    return db_load_fn(
           ^^^^^^^^^^^
  File "D:\自媒体\漫画工作流\.venv-desktop\Lib\site-packages\sqlalchemy\orm\loading.py", line 695, in load_on_pk_identity
    session.execute(
  File "D:\自媒体\漫画工作流\.venv-desktop\Lib\site-packages\sqlalchemy\orm\session.py", line 2373, in execute
    return self._execute_internal(
           ^^^^^^^^^^^^^^^^^^^^^^^
  File "D:\自媒体\漫画工作流\.venv-desktop\Lib\site-packages\sqlalchemy\orm\session.py", line 2261, in _execute_internal
    conn = self._connection_for_bind(bind)
           ^^^^^^^^^^^^^^^^^^^^^^^^^^^^^^^
  File "D:\自媒体\漫画工作流\.venv-desktop\Lib\site-packages\sqlalchemy\orm\session.py", line 2113, in _connection_for_bind
    return trans._connection_for_bind(engine, execution_options)
           ^^^^^^^^^^^^^^^^^^^^^^^^^^^^^^^^^^^^^^^^^^^^^^^^^^^^^
  File "<string>", line 2, in _connection_for_bind
  File "D:\自媒体\漫画工作流\.venv-desktop\Lib\site-packages\sqlalchemy\orm\state_changes.py", line 137, in _go
    ret_value = fn(self, *arg, **kw)
                ^^^^^^^^^^^^^^^^^^^^
  File "D:\自媒体\漫画工作流\.venv-desktop\Lib\site-packages\sqlalchemy\orm\session.py", line 1191, in _connection_for_bind
    conn = bind.connect()
           ^^^^^^^^^^^^^^
  File "D:\自媒体\漫画工作流\.venv-desktop\Lib\site-packages\sqlalchemy\engine\base.py", line 3295, in connect
    return self._connection_cls(self)
           ^^^^^^^^^^^^^^^^^^^^^^^^^^
  File "D:\自媒体\漫画工作流\.venv-desktop\Lib\site-packages\sqlalchemy\engine\base.py", line 144, in __init__
    self._dbapi_connection = engine.raw_connection()
                             ^^^^^^^^^^^^^^^^^^^^^^^
  File "D:\自媒体\漫画工作流\.venv-desktop\Lib\site-packages\sqlalchemy\engine\base.py", line 3319, in raw_connection
    return self.pool.connect()
           ^^^^^^^^^^^^^^^^^^^
  File "D:\自媒体\漫画工作流\.venv-desktop\Lib\site-packages\sqlalchemy\pool\base.py", line 448, in connect
    return _ConnectionFairy._checkout(self)
           ^^^^^^^^^^^^^^^^^^^^^^^^^^^^^^^^
  File "D:\自媒体\漫画工作流\.venv-desktop\Lib\site-packages\sqlalchemy\pool\base.py", line 1272, in _checkout
    fairy = _ConnectionRecord.checkout(pool)
            ^^^^^^^^^^^^^^^^^^^^^^^^^^^^^^^^
  File "D:\自媒体\漫画工作流\.venv-desktop\Lib\site-packages\sqlalchemy\pool\base.py", line 712, in checkout
    rec = pool._do_get()
          ^^^^^^^^^^^^^^
  File "D:\自媒体\漫画工作流\.venv-desktop\Lib\site-packages\sqlalchemy\pool\impl.py", line 167, in _do_get
    raise exc.TimeoutError(
sqlalchemy.exc.TimeoutError: QueuePool limit of size 5 overflow 10 reached, connection timed out, timeout 30.00 (Background on this error at: https://sqlalche.me/e/20/3o7r)
ERROR:    Exception in ASGI application
Traceback (most recent call last):
  File "D:\自媒体\漫画工作流\.venv-desktop\Lib\site-packages\uvicorn\protocols\http\httptools_impl.py", line 422, in run_asgi
    result = await app(  # type: ignore[func-returns-value]
             ^^^^^^^^^^^^^^^^^^^^^^^^^^^^^^^^^^^^^^^^^^^^^^
  File "D:\自媒体\漫画工作流\.venv-desktop\Lib\site-packages\uvicorn\middleware\proxy_headers.py", line 63, in __call__
    return await self.app(scope, receive, send)
           ^^^^^^^^^^^^^^^^^^^^^^^^^^^^^^^^^^^^
  File "D:\自媒体\漫画工作流\.venv-desktop\Lib\site-packages\fastapi\applications.py", line 1163, in __call__
    await super().__call__(scope, receive, send)
  File "D:\自媒体\漫画工作流\.venv-desktop\Lib\site-packages\starlette\applications.py", line 96, in __call__
    await self.middleware_stack(scope, receive, send)
  File "D:\自媒体\漫画工作流\.venv-desktop\Lib\site-packages\starlette\middleware\errors.py", line 186, in __call__
    raise exc
  File "D:\自媒体\漫画工作流\.venv-desktop\Lib\site-packages\starlette\middleware\errors.py", line 164, in __call__
    await self.app(scope, receive, _send)
  File "D:\自媒体\漫画工作流\.venv-desktop\Lib\site-packages\starlette\middleware\trustedhost.py", line 51, in __call__
    await self.app(scope, receive, send)
  File "D:\自媒体\漫画工作流\.venv-desktop\Lib\site-packages\starlette\middleware\cors.py", line 88, in __call__
    await self.app(scope, receive, send)
  File "D:\自媒体/漫画工作流/apps/api\app\request_limits.py", line 232, in __call__
    await self.app(scope, receive, send)
  File "D:\自媒体\漫画工作流\.venv-desktop\Lib\site-packages\starlette\middleware\exceptions.py", line 63, in __call__
    await wrap_app_handling_exceptions(self.app, conn)(scope, receive, send)
  File "D:\自媒体\漫画工作流\.venv-desktop\Lib\site-packages\starlette\_exception_handler.py", line 53, in wrapped_app
    raise exc
  File "D:\自媒体\漫画工作流\.venv-desktop\Lib\site-packages\starlette\_exception_handler.py", line 42, in wrapped_app
    await app(scope, receive, sender)
  File "D:\自媒体\漫画工作流\.venv-desktop\Lib\site-packages\fastapi\middleware\asyncexitstack.py", line 18, in __call__
    await self.app(scope, receive, send)
  File "D:\自媒体\漫画工作流\.venv-desktop\Lib\site-packages\starlette\routing.py", line 670, in __call__
    await self.middleware_stack(scope, receive, send)
  File "D:\自媒体\漫画工作流\.venv-desktop\Lib\site-packages\fastapi\routing.py", line 2683, in app
    await route.handle(scope, receive, send)
  File "D:\自媒体\漫画工作流\.venv-desktop\Lib\site-packages\fastapi\routing.py", line 1753, in handle
    await self.original_router.handle(scope, receive, send)
  File "D:\自媒体\漫画工作流\.venv-desktop\Lib\site-packages\fastapi\routing.py", line 2738, in handle
    await included_router._handle_selected(scope, receive, send)
  File "D:\自媒体\漫画工作流\.venv-desktop\Lib\site-packages\fastapi\routing.py", line 1764, in _handle_selected
    await route.handle(scope, receive, send)
  File "D:\自媒体\漫画工作流\.venv-desktop\Lib\site-packages\fastapi\routing.py", line 1753, in handle
    await self.original_router.handle(scope, receive, send)
  File "D:\自媒体\漫画工作流\.venv-desktop\Lib\site-packages\fastapi\routing.py", line 2738, in handle
    await included_router._handle_selected(scope, receive, send)
  File "D:\自媒体\漫画工作流\.venv-desktop\Lib\site-packages\fastapi\routing.py", line 1773, in _handle_selected
    await original_route.handle(scope, receive, send)
  File "D:\自媒体\漫画工作流\.venv-desktop\Lib\site-packages\fastapi\routing.py", line 1264, in handle
    await app(scope, receive, send)
  File "D:\自媒体\漫画工作流\.venv-desktop\Lib\site-packages\fastapi\routing.py", line 150, in app
    await wrap_app_handling_exceptions(app, request)(scope, receive, send)
  File "D:\自媒体\漫画工作流\.venv-desktop\Lib\site-packages\starlette\_exception_handler.py", line 53, in wrapped_app
    raise exc
  File "D:\自媒体\漫画工作流\.venv-desktop\Lib\site-packages\starlette\_exception_handler.py", line 42, in wrapped_app
    await app(scope, receive, sender)
  File "D:\自媒体\漫画工作流\.venv-desktop\Lib\site-packages\fastapi\routing.py", line 136, in app
    response = await f(request)
               ^^^^^^^^^^^^^^^^
  File "D:\自媒体\漫画工作流\.venv-desktop\Lib\site-packages\fastapi\routing.py", line 690, in app
    raw_response = await run_endpoint_function(
                   ^^^^^^^^^^^^^^^^^^^^^^^^^^^^
  File "D:\自媒体\漫画工作流\.venv-desktop\Lib\site-packages\fastapi\routing.py", line 346, in run_endpoint_function
    return await run_in_threadpool(dependant.call, **values)
           ^^^^^^^^^^^^^^^^^^^^^^^^^^^^^^^^^^^^^^^^^^^^^^^^^
  File "D:\自媒体\漫画工作流\.venv-desktop\Lib\site-packages\starlette\concurrency.py", line 34, in run_in_threadpool
    return await anyio.to_thread.run_sync(func)
           ^^^^^^^^^^^^^^^^^^^^^^^^^^^^^^^^^^^^
  File "D:\自媒体\漫画工作流\.venv-desktop\Lib\site-packages\anyio\to_thread.py", line 65, in run_sync
    return await get_async_backend().run_sync_in_worker_thread(
           ^^^^^^^^^^^^^^^^^^^^^^^^^^^^^^^^^^^^^^^^^^^^^^^^^^^^
  File "D:\自媒体\漫画工作流\.venv-desktop\Lib\site-packages\anyio\_backends\_asyncio.py", line 2706, in run_sync_in_worker_thread
    return await future
           ^^^^^^^^^^^^
  File "D:\自媒体\漫画工作流\.venv-desktop\Lib\site-packages\anyio\_backends\_asyncio.py", line 1100, in run
    result = context.run(func, *args)
             ^^^^^^^^^^^^^^^^^^^^^^^^
  File "D:\自媒体/漫画工作流/apps/api\app\api\routes\uploads.py", line 706, in asset_thumbnail
    asset = db.get(Asset, asset_id)
            ^^^^^^^^^^^^^^^^^^^^^^^
  File "D:\自媒体\漫画工作流\.venv-desktop\Lib\site-packages\sqlalchemy\orm\session.py", line 3702, in get
    return self._get_impl(
           ^^^^^^^^^^^^^^^
  File "D:\自媒体\漫画工作流\.venv-desktop\Lib\site-packages\sqlalchemy\orm\session.py", line 3881, in _get_impl
    return db_load_fn(
           ^^^^^^^^^^^
  File "D:\自媒体\漫画工作流\.venv-desktop\Lib\site-packages\sqlalchemy\orm\loading.py", line 695, in load_on_pk_identity
    session.execute(
  File "D:\自媒体\漫画工作流\.venv-desktop\Lib\site-packages\sqlalchemy\orm\session.py", line 2373, in execute
    return self._execute_internal(
           ^^^^^^^^^^^^^^^^^^^^^^^
  File "D:\自媒体\漫画工作流\.venv-desktop\Lib\site-packages\sqlalchemy\orm\session.py", line 2261, in _execute_internal
    conn = self._connection_for_bind(bind)
           ^^^^^^^^^^^^^^^^^^^^^^^^^^^^^^^
  File "D:\自媒体\漫画工作流\.venv-desktop\Lib\site-packages\sqlalchemy\orm\session.py", line 2113, in _connection_for_bind
    return trans._connection_for_bind(engine, execution_options)
           ^^^^^^^^^^^^^^^^^^^^^^^^^^^^^^^^^^^^^^^^^^^^^^^^^^^^^
  File "<string>", line 2, in _connection_for_bind
  File "D:\自媒体\漫画工作流\.venv-desktop\Lib\site-packages\sqlalchemy\orm\state_changes.py", line 137, in _go
    ret_value = fn(self, *arg, **kw)
                ^^^^^^^^^^^^^^^^^^^^
  File "D:\自媒体\漫画工作流\.venv-desktop\Lib\site-packages\sqlalchemy\orm\session.py", line 1191, in _connection_for_bind
    conn = bind.connect()
           ^^^^^^^^^^^^^^
  File "D:\自媒体\漫画工作流\.venv-desktop\Lib\site-packages\sqlalchemy\engine\base.py", line 3295, in connect
    return self._connection_cls(self)
           ^^^^^^^^^^^^^^^^^^^^^^^^^^
  File "D:\自媒体\漫画工作流\.venv-desktop\Lib\site-packages\sqlalchemy\engine\base.py", line 144, in __init__
    self._dbapi_connection = engine.raw_connection()
                             ^^^^^^^^^^^^^^^^^^^^^^^
  File "D:\自媒体\漫画工作流\.venv-desktop\Lib\site-packages\sqlalchemy\engine\base.py", line 3319, in raw_connection
    return self.pool.connect()
           ^^^^^^^^^^^^^^^^^^^
  File "D:\自媒体\漫画工作流\.venv-desktop\Lib\site-packages\sqlalchemy\pool\base.py", line 448, in connect
    return _ConnectionFairy._checkout(self)
           ^^^^^^^^^^^^^^^^^^^^^^^^^^^^^^^^
  File "D:\自媒体\漫画工作流\.venv-desktop\Lib\site-packages\sqlalchemy\pool\base.py", line 1272, in _checkout
    fairy = _ConnectionRecord.checkout(pool)
            ^^^^^^^^^^^^^^^^^^^^^^^^^^^^^^^^
  File "D:\自媒体\漫画工作流\.venv-desktop\Lib\site-packages\sqlalchemy\pool\base.py", line 712, in checkout
    rec = pool._do_get()
          ^^^^^^^^^^^^^^
  File "D:\自媒体\漫画工作流\.venv-desktop\Lib\site-packages\sqlalchemy\pool\impl.py", line 167, in _do_get
    raise exc.TimeoutError(
sqlalchemy.exc.TimeoutError: QueuePool limit of size 5 overflow 10 reached, connection timed out, timeout 30.00 (Background on this error at: https://sqlalche.me/e/20/3o7r)
ERROR:    Exception in ASGI application
Traceback (most recent call last):
  File "D:\自媒体\漫画工作流\.venv-desktop\Lib\site-packages\uvicorn\protocols\http\httptools_impl.py", line 422, in run_asgi
    result = await app(  # type: ignore[func-returns-value]
             ^^^^^^^^^^^^^^^^^^^^^^^^^^^^^^^^^^^^^^^^^^^^^^
  File "D:\自媒体\漫画工作流\.venv-desktop\Lib\site-packages\uvicorn\middleware\proxy_headers.py", line 63, in __call__
    return await self.app(scope, receive, send)
           ^^^^^^^^^^^^^^^^^^^^^^^^^^^^^^^^^^^^
  File "D:\自媒体\漫画工作流\.venv-desktop\Lib\site-packages\fastapi\applications.py", line 1163, in __call__
    await super().__call__(scope, receive, send)
  File "D:\自媒体\漫画工作流\.venv-desktop\Lib\site-packages\starlette\applications.py", line 96, in __call__
    await self.middleware_stack(scope, receive, send)
  File "D:\自媒体\漫画工作流\.venv-desktop\Lib\site-packages\starlette\middleware\errors.py", line 186, in __call__
    raise exc
  File "D:\自媒体\漫画工作流\.venv-desktop\Lib\site-packages\starlette\middleware\errors.py", line 164, in __call__
    await self.app(scope, receive, _send)
  File "D:\自媒体\漫画工作流\.venv-desktop\Lib\site-packages\starlette\middleware\trustedhost.py", line 51, in __call__
    await self.app(scope, receive, send)
  File "D:\自媒体\漫画工作流\.venv-desktop\Lib\site-packages\starlette\middleware\cors.py", line 88, in __call__
    await self.app(scope, receive, send)
  File "D:\自媒体/漫画工作流/apps/api\app\request_limits.py", line 232, in __call__
    await self.app(scope, receive, send)
  File "D:\自媒体\漫画工作流\.venv-desktop\Lib\site-packages\starlette\middleware\exceptions.py", line 63, in __call__
    await wrap_app_handling_exceptions(self.app, conn)(scope, receive, send)
  File "D:\自媒体\漫画工作流\.venv-desktop\Lib\site-packages\starlette\_exception_handler.py", line 53, in wrapped_app
    raise exc
  File "D:\自媒体\漫画工作流\.venv-desktop\Lib\site-packages\starlette\_exception_handler.py", line 42, in wrapped_app
    await app(scope, receive, sender)
  File "D:\自媒体\漫画工作流\.venv-desktop\Lib\site-packages\fastapi\middleware\asyncexitstack.py", line 18, in __call__
    await self.app(scope, receive, send)
  File "D:\自媒体\漫画工作流\.venv-desktop\Lib\site-packages\starlette\routing.py", line 670, in __call__
    await self.middleware_stack(scope, receive, send)
  File "D:\自媒体\漫画工作流\.venv-desktop\Lib\site-packages\fastapi\routing.py", line 2683, in app
    await route.handle(scope, receive, send)
  File "D:\自媒体\漫画工作流\.venv-desktop\Lib\site-packages\fastapi\routing.py", line 1753, in handle
    await self.original_router.handle(scope, receive, send)
  File "D:\自媒体\漫画工作流\.venv-desktop\Lib\site-packages\fastapi\routing.py", line 2738, in handle
    await included_router._handle_selected(scope, receive, send)
  File "D:\自媒体\漫画工作流\.venv-desktop\Lib\site-packages\fastapi\routing.py", line 1764, in _handle_selected
    await route.handle(scope, receive, send)
  File "D:\自媒体\漫画工作流\.venv-desktop\Lib\site-packages\fastapi\routing.py", line 1753, in handle
    await self.original_router.handle(scope, receive, send)
  File "D:\自媒体\漫画工作流\.venv-desktop\Lib\site-packages\fastapi\routing.py", line 2738, in handle
    await included_router._handle_selected(scope, receive, send)
  File "D:\自媒体\漫画工作流\.venv-desktop\Lib\site-packages\fastapi\routing.py", line 1773, in _handle_selected
    await original_route.handle(scope, receive, send)
  File "D:\自媒体\漫画工作流\.venv-desktop\Lib\site-packages\fastapi\routing.py", line 1264, in handle
    await app(scope, receive, send)
  File "D:\自媒体\漫画工作流\.venv-desktop\Lib\site-packages\fastapi\routing.py", line 150, in app
    await wrap_app_handling_exceptions(app, request)(scope, receive, send)
  File "D:\自媒体\漫画工作流\.venv-desktop\Lib\site-packages\starlette\_exception_handler.py", line 53, in wrapped_app
    raise exc
  File "D:\自媒体\漫画工作流\.venv-desktop\Lib\site-packages\starlette\_exception_handler.py", line 42, in wrapped_app
    await app(scope, receive, sender)
  File "D:\自媒体\漫画工作流\.venv-desktop\Lib\site-packages\fastapi\routing.py", line 136, in app
    response = await f(request)
               ^^^^^^^^^^^^^^^^
  File "D:\自媒体\漫画工作流\.venv-desktop\Lib\site-packages\fastapi\routing.py", line 690, in app
    raw_response = await run_endpoint_function(
                   ^^^^^^^^^^^^^^^^^^^^^^^^^^^^
  File "D:\自媒体\漫画工作流\.venv-desktop\Lib\site-packages\fastapi\routing.py", line 346, in run_endpoint_function
    return await run_in_threadpool(dependant.call, **values)
           ^^^^^^^^^^^^^^^^^^^^^^^^^^^^^^^^^^^^^^^^^^^^^^^^^
  File "D:\自媒体\漫画工作流\.venv-desktop\Lib\site-packages\starlette\concurrency.py", line 34, in run_in_threadpool
    return await anyio.to_thread.run_sync(func)
           ^^^^^^^^^^^^^^^^^^^^^^^^^^^^^^^^^^^^
  File "D:\自媒体\漫画工作流\.venv-desktop\Lib\site-packages\anyio\to_thread.py", line 65, in run_sync
    return await get_async_backend().run_sync_in_worker_thread(
           ^^^^^^^^^^^^^^^^^^^^^^^^^^^^^^^^^^^^^^^^^^^^^^^^^^^^
  File "D:\自媒体\漫画工作流\.venv-desktop\Lib\site-packages\anyio\_backends\_asyncio.py", line 2706, in run_sync_in_worker_thread
    return await future
           ^^^^^^^^^^^^
  File "D:\自媒体\漫画工作流\.venv-desktop\Lib\site-packages\anyio\_backends\_asyncio.py", line 1100, in run
    result = context.run(func, *args)
             ^^^^^^^^^^^^^^^^^^^^^^^^
  File "D:\自媒体/漫画工作流/apps/api\app\api\routes\uploads.py", line 706, in asset_thumbnail
    asset = db.get(Asset, asset_id)
            ^^^^^^^^^^^^^^^^^^^^^^^
  File "D:\自媒体\漫画工作流\.venv-desktop\Lib\site-packages\sqlalchemy\orm\session.py", line 3702, in get
    return self._get_impl(
           ^^^^^^^^^^^^^^^
  File "D:\自媒体\漫画工作流\.venv-desktop\Lib\site-packages\sqlalchemy\orm\session.py", line 3881, in _get_impl
    return db_load_fn(
           ^^^^^^^^^^^
  File "D:\自媒体\漫画工作流\.venv-desktop\Lib\site-packages\sqlalchemy\orm\loading.py", line 695, in load_on_pk_identity
    session.execute(
  File "D:\自媒体\漫画工作流\.venv-desktop\Lib\site-packages\sqlalchemy\orm\session.py", line 2373, in execute
    return self._execute_internal(
           ^^^^^^^^^^^^^^^^^^^^^^^
  File "D:\自媒体\漫画工作流\.venv-desktop\Lib\site-packages\sqlalchemy\orm\session.py", line 2261, in _execute_internal
    conn = self._connection_for_bind(bind)
           ^^^^^^^^^^^^^^^^^^^^^^^^^^^^^^^
  File "D:\自媒体\漫画工作流\.venv-desktop\Lib\site-packages\sqlalchemy\orm\session.py", line 2113, in _connection_for_bind
    return trans._connection_for_bind(engine, execution_options)
           ^^^^^^^^^^^^^^^^^^^^^^^^^^^^^^^^^^^^^^^^^^^^^^^^^^^^^
  File "<string>", line 2, in _connection_for_bind
  File "D:\自媒体\漫画工作流\.venv-desktop\Lib\site-packages\sqlalchemy\orm\state_changes.py", line 137, in _go
    ret_value = fn(self, *arg, **kw)
                ^^^^^^^^^^^^^^^^^^^^
  File "D:\自媒体\漫画工作流\.venv-desktop\Lib\site-packages\sqlalchemy\orm\session.py", line 1191, in _connection_for_bind
    conn = bind.connect()
           ^^^^^^^^^^^^^^
  File "D:\自媒体\漫画工作流\.venv-desktop\Lib\site-packages\sqlalchemy\engine\base.py", line 3295, in connect
    return self._connection_cls(self)
           ^^^^^^^^^^^^^^^^^^^^^^^^^^
  File "D:\自媒体\漫画工作流\.venv-desktop\Lib\site-packages\sqlalchemy\engine\base.py", line 144, in __init__
    self._dbapi_connection = engine.raw_connection()
                             ^^^^^^^^^^^^^^^^^^^^^^^
  File "D:\自媒体\漫画工作流\.venv-desktop\Lib\site-packages\sqlalchemy\engine\base.py", line 3319, in raw_connection
    return self.pool.connect()
           ^^^^^^^^^^^^^^^^^^^
  File "D:\自媒体\漫画工作流\.venv-desktop\Lib\site-packages\sqlalchemy\pool\base.py", line 448, in connect
    return _ConnectionFairy._checkout(self)
           ^^^^^^^^^^^^^^^^^^^^^^^^^^^^^^^^
  File "D:\自媒体\漫画工作流\.venv-desktop\Lib\site-packages\sqlalchemy\pool\base.py", line 1272, in _checkout
    fairy = _ConnectionRecord.checkout(pool)
            ^^^^^^^^^^^^^^^^^^^^^^^^^^^^^^^^
  File "D:\自媒体\漫画工作流\.venv-desktop\Lib\site-packages\sqlalchemy\pool\base.py", line 712, in checkout
    rec = pool._do_get()
          ^^^^^^^^^^^^^^
  File "D:\自媒体\漫画工作流\.venv-desktop\Lib\site-packages\sqlalchemy\pool\impl.py", line 167, in _do_get
    raise exc.TimeoutError(
sqlalchemy.exc.TimeoutError: QueuePool limit of size 5 overflow 10 reached, connection timed out, timeout 30.00 (Background on this error at: https://sqlalche.me/e/20/3o7r)
ERROR:    Exception in ASGI application
Traceback (most recent call last):
  File "D:\自媒体\漫画工作流\.venv-desktop\Lib\site-packages\uvicorn\protocols\http\httptools_impl.py", line 422, in run_asgi
    result = await app(  # type: ignore[func-returns-value]
             ^^^^^^^^^^^^^^^^^^^^^^^^^^^^^^^^^^^^^^^^^^^^^^
  File "D:\自媒体\漫画工作流\.venv-desktop\Lib\site-packages\uvicorn\middleware\proxy_headers.py", line 63, in __call__
    return await self.app(scope, receive, send)
           ^^^^^^^^^^^^^^^^^^^^^^^^^^^^^^^^^^^^
  File "D:\自媒体\漫画工作流\.venv-desktop\Lib\site-packages\fastapi\applications.py", line 1163, in __call__
    await super().__call__(scope, receive, send)
  File "D:\自媒体\漫画工作流\.venv-desktop\Lib\site-packages\starlette\applications.py", line 96, in __call__
    await self.middleware_stack(scope, receive, send)
  File "D:\自媒体\漫画工作流\.venv-desktop\Lib\site-packages\starlette\middleware\errors.py", line 186, in __call__
    raise exc
  File "D:\自媒体\漫画工作流\.venv-desktop\Lib\site-packages\starlette\middleware\errors.py", line 164, in __call__
    await self.app(scope, receive, _send)
  File "D:\自媒体\漫画工作流\.venv-desktop\Lib\site-packages\starlette\middleware\trustedhost.py", line 51, in __call__
    await self.app(scope, receive, send)
  File "D:\自媒体\漫画工作流\.venv-desktop\Lib\site-packages\starlette\middleware\cors.py", line 88, in __call__
    await self.app(scope, receive, send)
  File "D:\自媒体/漫画工作流/apps/api\app\request_limits.py", line 232, in __call__
    await self.app(scope, receive, send)
  File "D:\自媒体\漫画工作流\.venv-desktop\Lib\site-packages\starlette\middleware\exceptions.py", line 63, in __call__
    await wrap_app_handling_exceptions(self.app, conn)(scope, receive, send)
  File "D:\自媒体\漫画工作流\.venv-desktop\Lib\site-packages\starlette\_exception_handler.py", line 53, in wrapped_app
    raise exc
  File "D:\自媒体\漫画工作流\.venv-desktop\Lib\site-packages\starlette\_exception_handler.py", line 42, in wrapped_app
    await app(scope, receive, sender)
  File "D:\自媒体\漫画工作流\.venv-desktop\Lib\site-packages\fastapi\middleware\asyncexitstack.py", line 18, in __call__
    await self.app(scope, receive, send)
  File "D:\自媒体\漫画工作流\.venv-desktop\Lib\site-packages\starlette\routing.py", line 670, in __call__
    await self.middleware_stack(scope, receive, send)
  File "D:\自媒体\漫画工作流\.venv-desktop\Lib\site-packages\fastapi\routing.py", line 2683, in app
    await route.handle(scope, receive, send)
  File "D:\自媒体\漫画工作流\.venv-desktop\Lib\site-packages\fastapi\routing.py", line 1753, in handle
    await self.original_router.handle(scope, receive, send)
  File "D:\自媒体\漫画工作流\.venv-desktop\Lib\site-packages\fastapi\routing.py", line 2738, in handle
    await included_router._handle_selected(scope, receive, send)
  File "D:\自媒体\漫画工作流\.venv-desktop\Lib\site-packages\fastapi\routing.py", line 1764, in _handle_selected
    await route.handle(scope, receive, send)
  File "D:\自媒体\漫画工作流\.venv-desktop\Lib\site-packages\fastapi\routing.py", line 1753, in handle
    await self.original_router.handle(scope, receive, send)
  File "D:\自媒体\漫画工作流\.venv-desktop\Lib\site-packages\fastapi\routing.py", line 2738, in handle
    await included_router._handle_selected(scope, receive, send)
  File "D:\自媒体\漫画工作流\.venv-desktop\Lib\site-packages\fastapi\routing.py", line 1773, in _handle_selected
    await original_route.handle(scope, receive, send)
  File "D:\自媒体\漫画工作流\.venv-desktop\Lib\site-packages\fastapi\routing.py", line 1264, in handle
    await app(scope, receive, send)
  File "D:\自媒体\漫画工作流\.venv-desktop\Lib\site-packages\fastapi\routing.py", line 150, in app
    await wrap_app_handling_exceptions(app, request)(scope, receive, send)
  File "D:\自媒体\漫画工作流\.venv-desktop\Lib\site-packages\starlette\_exception_handler.py", line 53, in wrapped_app
    raise exc
  File "D:\自媒体\漫画工作流\.venv-desktop\Lib\site-packages\starlette\_exception_handler.py", line 42, in wrapped_app
    await app(scope, receive, sender)
  File "D:\自媒体\漫画工作流\.venv-desktop\Lib\site-packages\fastapi\routing.py", line 136, in app
    response = await f(request)
               ^^^^^^^^^^^^^^^^
  File "D:\自媒体\漫画工作流\.venv-desktop\Lib\site-packages\fastapi\routing.py", line 690, in app
    raw_response = await run_endpoint_function(
                   ^^^^^^^^^^^^^^^^^^^^^^^^^^^^
  File "D:\自媒体\漫画工作流\.venv-desktop\Lib\site-packages\fastapi\routing.py", line 346, in run_endpoint_function
    return await run_in_threadpool(dependant.call, **values)
           ^^^^^^^^^^^^^^^^^^^^^^^^^^^^^^^^^^^^^^^^^^^^^^^^^
  File "D:\自媒体\漫画工作流\.venv-desktop\Lib\site-packages\starlette\concurrency.py", line 34, in run_in_threadpool
    return await anyio.to_thread.run_sync(func)
           ^^^^^^^^^^^^^^^^^^^^^^^^^^^^^^^^^^^^
  File "D:\自媒体\漫画工作流\.venv-desktop\Lib\site-packages\anyio\to_thread.py", line 65, in run_sync
    return await get_async_backend().run_sync_in_worker_thread(
           ^^^^^^^^^^^^^^^^^^^^^^^^^^^^^^^^^^^^^^^^^^^^^^^^^^^^
  File "D:\自媒体\漫画工作流\.venv-desktop\Lib\site-packages\anyio\_backends\_asyncio.py", line 2706, in run_sync_in_worker_thread
    return await future
           ^^^^^^^^^^^^
  File "D:\自媒体\漫画工作流\.venv-desktop\Lib\site-packages\anyio\_backends\_asyncio.py", line 1100, in run
    result = context.run(func, *args)
             ^^^^^^^^^^^^^^^^^^^^^^^^
  File "D:\自媒体/漫画工作流/apps/api\app\api\routes\uploads.py", line 706, in asset_thumbnail
    asset = db.get(Asset, asset_id)
            ^^^^^^^^^^^^^^^^^^^^^^^
  File "D:\自媒体\漫画工作流\.venv-desktop\Lib\site-packages\sqlalchemy\orm\session.py", line 3702, in get
    return self._get_impl(
           ^^^^^^^^^^^^^^^
  File "D:\自媒体\漫画工作流\.venv-desktop\Lib\site-packages\sqlalchemy\orm\session.py", line 3881, in _get_impl
    return db_load_fn(
           ^^^^^^^^^^^
  File "D:\自媒体\漫画工作流\.venv-desktop\Lib\site-packages\sqlalchemy\orm\loading.py", line 695, in load_on_pk_identity
    session.execute(
  File "D:\自媒体\漫画工作流\.venv-desktop\Lib\site-packages\sqlalchemy\orm\session.py", line 2373, in execute
    return self._execute_internal(
           ^^^^^^^^^^^^^^^^^^^^^^^
  File "D:\自媒体\漫画工作流\.venv-desktop\Lib\site-packages\sqlalchemy\orm\session.py", line 2261, in _execute_internal
    conn = self._connection_for_bind(bind)
           ^^^^^^^^^^^^^^^^^^^^^^^^^^^^^^^
  File "D:\自媒体\漫画工作流\.venv-desktop\Lib\site-packages\sqlalchemy\orm\session.py", line 2113, in _connection_for_bind
    return trans._connection_for_bind(engine, execution_options)
           ^^^^^^^^^^^^^^^^^^^^^^^^^^^^^^^^^^^^^^^^^^^^^^^^^^^^^
  File "<string>", line 2, in _connection_for_bind
  File "D:\自媒体\漫画工作流\.venv-desktop\Lib\site-packages\sqlalchemy\orm\state_changes.py", line 137, in _go
    ret_value = fn(self, *arg, **kw)
                ^^^^^^^^^^^^^^^^^^^^
  File "D:\自媒体\漫画工作流\.venv-desktop\Lib\site-packages\sqlalchemy\orm\session.py", line 1191, in _connection_for_bind
    conn = bind.connect()
           ^^^^^^^^^^^^^^
  File "D:\自媒体\漫画工作流\.venv-desktop\Lib\site-packages\sqlalchemy\engine\base.py", line 3295, in connect
    return self._connection_cls(self)
           ^^^^^^^^^^^^^^^^^^^^^^^^^^
  File "D:\自媒体\漫画工作流\.venv-desktop\Lib\site-packages\sqlalchemy\engine\base.py", line 144, in __init__
    self._dbapi_connection = engine.raw_connection()
                             ^^^^^^^^^^^^^^^^^^^^^^^
  File "D:\自媒体\漫画工作流\.venv-desktop\Lib\site-packages\sqlalchemy\engine\base.py", line 3319, in raw_connection
    return self.pool.connect()
           ^^^^^^^^^^^^^^^^^^^
  File "D:\自媒体\漫画工作流\.venv-desktop\Lib\site-packages\sqlalchemy\pool\base.py", line 448, in connect
    return _ConnectionFairy._checkout(self)
           ^^^^^^^^^^^^^^^^^^^^^^^^^^^^^^^^
  File "D:\自媒体\漫画工作流\.venv-desktop\Lib\site-packages\sqlalchemy\pool\base.py", line 1272, in _checkout
    fairy = _ConnectionRecord.checkout(pool)
            ^^^^^^^^^^^^^^^^^^^^^^^^^^^^^^^^
  File "D:\自媒体\漫画工作流\.venv-desktop\Lib\site-packages\sqlalchemy\pool\base.py", line 712, in checkout
    rec = pool._do_get()
          ^^^^^^^^^^^^^^
  File "D:\自媒体\漫画工作流\.venv-desktop\Lib\site-packages\sqlalchemy\pool\impl.py", line 167, in _do_get
    raise exc.TimeoutError(
sqlalchemy.exc.TimeoutError: QueuePool limit of size 5 overflow 10 reached, connection timed out, timeout 30.00 (Background on this error at: https://sqlalche.me/e/20/3o7r)
ERROR:    Exception in ASGI application
Traceback (most recent call last):
  File "D:\自媒体\漫画工作流\.venv-desktop\Lib\site-packages\uvicorn\protocols\http\httptools_impl.py", line 422, in run_asgi
    result = await app(  # type: ignore[func-returns-value]
             ^^^^^^^^^^^^^^^^^^^^^^^^^^^^^^^^^^^^^^^^^^^^^^
  File "D:\自媒体\漫画工作流\.venv-desktop\Lib\site-packages\uvicorn\middleware\proxy_headers.py", line 63, in __call__
    return await self.app(scope, receive, send)
           ^^^^^^^^^^^^^^^^^^^^^^^^^^^^^^^^^^^^
  File "D:\自媒体\漫画工作流\.venv-desktop\Lib\site-packages\fastapi\applications.py", line 1163, in __call__
    await super().__call__(scope, receive, send)
  File "D:\自媒体\漫画工作流\.venv-desktop\Lib\site-packages\starlette\applications.py", line 96, in __call__
    await self.middleware_stack(scope, receive, send)
  File "D:\自媒体\漫画工作流\.venv-desktop\Lib\site-packages\starlette\middleware\errors.py", line 186, in __call__
    raise exc
  File "D:\自媒体\漫画工作流\.venv-desktop\Lib\site-packages\starlette\middleware\errors.py", line 164, in __call__
    await self.app(scope, receive, _send)
  File "D:\自媒体\漫画工作流\.venv-desktop\Lib\site-packages\starlette\middleware\trustedhost.py", line 51, in __call__
    await self.app(scope, receive, send)
  File "D:\自媒体\漫画工作流\.venv-desktop\Lib\site-packages\starlette\middleware\cors.py", line 88, in __call__
    await self.app(scope, receive, send)
  File "D:\自媒体/漫画工作流/apps/api\app\request_limits.py", line 232, in __call__
    await self.app(scope, receive, send)
  File "D:\自媒体\漫画工作流\.venv-desktop\Lib\site-packages\starlette\middleware\exceptions.py", line 63, in __call__
    await wrap_app_handling_exceptions(self.app, conn)(scope, receive, send)
  File "D:\自媒体\漫画工作流\.venv-desktop\Lib\site-packages\starlette\_exception_handler.py", line 53, in wrapped_app
    raise exc
  File "D:\自媒体\漫画工作流\.venv-desktop\Lib\site-packages\starlette\_exception_handler.py", line 42, in wrapped_app
    await app(scope, receive, sender)
  File "D:\自媒体\漫画工作流\.venv-desktop\Lib\site-packages\fastapi\middleware\asyncexitstack.py", line 18, in __call__
    await self.app(scope, receive, send)
  File "D:\自媒体\漫画工作流\.venv-desktop\Lib\site-packages\starlette\routing.py", line 670, in __call__
    await self.middleware_stack(scope, receive, send)
  File "D:\自媒体\漫画工作流\.venv-desktop\Lib\site-packages\fastapi\routing.py", line 2683, in app
    await route.handle(scope, receive, send)
  File "D:\自媒体\漫画工作流\.venv-desktop\Lib\site-packages\fastapi\routing.py", line 1753, in handle
    await self.original_router.handle(scope, receive, send)
  File "D:\自媒体\漫画工作流\.venv-desktop\Lib\site-packages\fastapi\routing.py", line 2738, in handle
    await included_router._handle_selected(scope, receive, send)
  File "D:\自媒体\漫画工作流\.venv-desktop\Lib\site-packages\fastapi\routing.py", line 1764, in _handle_selected
    await route.handle(scope, receive, send)
  File "D:\自媒体\漫画工作流\.venv-desktop\Lib\site-packages\fastapi\routing.py", line 1753, in handle
    await self.original_router.handle(scope, receive, send)
  File "D:\自媒体\漫画工作流\.venv-desktop\Lib\site-packages\fastapi\routing.py", line 2738, in handle
    await included_router._handle_selected(scope, receive, send)
  File "D:\自媒体\漫画工作流\.venv-desktop\Lib\site-packages\fastapi\routing.py", line 1773, in _handle_selected
    await original_route.handle(scope, receive, send)
  File "D:\自媒体\漫画工作流\.venv-desktop\Lib\site-packages\fastapi\routing.py", line 1264, in handle
    await app(scope, receive, send)
  File "D:\自媒体\漫画工作流\.venv-desktop\Lib\site-packages\fastapi\routing.py", line 150, in app
    await wrap_app_handling_exceptions(app, request)(scope, receive, send)
  File "D:\自媒体\漫画工作流\.venv-desktop\Lib\site-packages\starlette\_exception_handler.py", line 53, in wrapped_app
    raise exc
  File "D:\自媒体\漫画工作流\.venv-desktop\Lib\site-packages\starlette\_exception_handler.py", line 42, in wrapped_app
    await app(scope, receive, sender)
  File "D:\自媒体\漫画工作流\.venv-desktop\Lib\site-packages\fastapi\routing.py", line 136, in app
    response = await f(request)
               ^^^^^^^^^^^^^^^^
  File "D:\自媒体\漫画工作流\.venv-desktop\Lib\site-packages\fastapi\routing.py", line 690, in app
    raw_response = await run_endpoint_function(
                   ^^^^^^^^^^^^^^^^^^^^^^^^^^^^
  File "D:\自媒体\漫画工作流\.venv-desktop\Lib\site-packages\fastapi\routing.py", line 346, in run_endpoint_function
    return await run_in_threadpool(dependant.call, **values)
           ^^^^^^^^^^^^^^^^^^^^^^^^^^^^^^^^^^^^^^^^^^^^^^^^^
  File "D:\自媒体\漫画工作流\.venv-desktop\Lib\site-packages\starlette\concurrency.py", line 34, in run_in_threadpool
    return await anyio.to_thread.run_sync(func)
           ^^^^^^^^^^^^^^^^^^^^^^^^^^^^^^^^^^^^
  File "D:\自媒体\漫画工作流\.venv-desktop\Lib\site-packages\anyio\to_thread.py", line 65, in run_sync
    return await get_async_backend().run_sync_in_worker_thread(
           ^^^^^^^^^^^^^^^^^^^^^^^^^^^^^^^^^^^^^^^^^^^^^^^^^^^^
  File "D:\自媒体\漫画工作流\.venv-desktop\Lib\site-packages\anyio\_backends\_asyncio.py", line 2706, in run_sync_in_worker_thread
    return await future
           ^^^^^^^^^^^^
  File "D:\自媒体\漫画工作流\.venv-desktop\Lib\site-packages\anyio\_backends\_asyncio.py", line 1100, in run
    result = context.run(func, *args)
             ^^^^^^^^^^^^^^^^^^^^^^^^
  File "D:\自媒体/漫画工作流/apps/api\app\api\routes\uploads.py", line 706, in asset_thumbnail
    asset = db.get(Asset, asset_id)
            ^^^^^^^^^^^^^^^^^^^^^^^
  File "D:\自媒体\漫画工作流\.venv-desktop\Lib\site-packages\sqlalchemy\orm\session.py", line 3702, in get
    return self._get_impl(
           ^^^^^^^^^^^^^^^
  File "D:\自媒体\漫画工作流\.venv-desktop\Lib\site-packages\sqlalchemy\orm\session.py", line 3881, in _get_impl
    return db_load_fn(
           ^^^^^^^^^^^
  File "D:\自媒体\漫画工作流\.venv-desktop\Lib\site-packages\sqlalchemy\orm\loading.py", line 695, in load_on_pk_identity
    session.execute(
  File "D:\自媒体\漫画工作流\.venv-desktop\Lib\site-packages\sqlalchemy\orm\session.py", line 2373, in execute
    return self._execute_internal(
           ^^^^^^^^^^^^^^^^^^^^^^^
  File "D:\自媒体\漫画工作流\.venv-desktop\Lib\site-packages\sqlalchemy\orm\session.py", line 2261, in _execute_internal
    conn = self._connection_for_bind(bind)
           ^^^^^^^^^^^^^^^^^^^^^^^^^^^^^^^
  File "D:\自媒体\漫画工作流\.venv-desktop\Lib\site-packages\sqlalchemy\orm\session.py", line 2113, in _connection_for_bind
    return trans._connection_for_bind(engine, execution_options)
           ^^^^^^^^^^^^^^^^^^^^^^^^^^^^^^^^^^^^^^^^^^^^^^^^^^^^^
  File "<string>", line 2, in _connection_for_bind
  File "D:\自媒体\漫画工作流\.venv-desktop\Lib\site-packages\sqlalchemy\orm\state_changes.py", line 137, in _go
    ret_value = fn(self, *arg, **kw)
                ^^^^^^^^^^^^^^^^^^^^
  File "D:\自媒体\漫画工作流\.venv-desktop\Lib\site-packages\sqlalchemy\orm\session.py", line 1191, in _connection_for_bind
    conn = bind.connect()
           ^^^^^^^^^^^^^^
  File "D:\自媒体\漫画工作流\.venv-desktop\Lib\site-packages\sqlalchemy\engine\base.py", line 3295, in connect
    return self._connection_cls(self)
           ^^^^^^^^^^^^^^^^^^^^^^^^^^
  File "D:\自媒体\漫画工作流\.venv-desktop\Lib\site-packages\sqlalchemy\engine\base.py", line 144, in __init__
    self._dbapi_connection = engine.raw_connection()
                             ^^^^^^^^^^^^^^^^^^^^^^^
  File "D:\自媒体\漫画工作流\.venv-desktop\Lib\site-packages\sqlalchemy\engine\base.py", line 3319, in raw_connection
    return self.pool.connect()
           ^^^^^^^^^^^^^^^^^^^
  File "D:\自媒体\漫画工作流\.venv-desktop\Lib\site-packages\sqlalchemy\pool\base.py", line 448, in connect
    return _ConnectionFairy._checkout(self)
           ^^^^^^^^^^^^^^^^^^^^^^^^^^^^^^^^
  File "D:\自媒体\漫画工作流\.venv-desktop\Lib\site-packages\sqlalchemy\pool\base.py", line 1272, in _checkout
    fairy = _ConnectionRecord.checkout(pool)
            ^^^^^^^^^^^^^^^^^^^^^^^^^^^^^^^^
  File "D:\自媒体\漫画工作流\.venv-desktop\Lib\site-packages\sqlalchemy\pool\base.py", line 712, in checkout
    rec = pool._do_get()
          ^^^^^^^^^^^^^^
  File "D:\自媒体\漫画工作流\.venv-desktop\Lib\site-packages\sqlalchemy\pool\impl.py", line 167, in _do_get
    raise exc.TimeoutError(
sqlalchemy.exc.TimeoutError: QueuePool limit of size 5 overflow 10 reached, connection timed out, timeout 30.00 (Background on this error at: https://sqlalche.me/e/20/3o7r)
ERROR:    Exception in ASGI application
Traceback (most recent call last):
  File "D:\自媒体\漫画工作流\.venv-desktop\Lib\site-packages\uvicorn\protocols\http\httptools_impl.py", line 422, in run_asgi
    result = await app(  # type: ignore[func-returns-value]
             ^^^^^^^^^^^^^^^^^^^^^^^^^^^^^^^^^^^^^^^^^^^^^^
  File "D:\自媒体\漫画工作流\.venv-desktop\Lib\site-packages\uvicorn\middleware\proxy_headers.py", line 63, in __call__
    return await self.app(scope, receive, send)
           ^^^^^^^^^^^^^^^^^^^^^^^^^^^^^^^^^^^^
  File "D:\自媒体\漫画工作流\.venv-desktop\Lib\site-packages\fastapi\applications.py", line 1163, in __call__
    await super().__call__(scope, receive, send)
  File "D:\自媒体\漫画工作流\.venv-desktop\Lib\site-packages\starlette\applications.py", line 96, in __call__
    await self.middleware_stack(scope, receive, send)
  File "D:\自媒体\漫画工作流\.venv-desktop\Lib\site-packages\starlette\middleware\errors.py", line 186, in __call__
    raise exc
  File "D:\自媒体\漫画工作流\.venv-desktop\Lib\site-packages\starlette\middleware\errors.py", line 164, in __call__
    await self.app(scope, receive, _send)
  File "D:\自媒体\漫画工作流\.venv-desktop\Lib\site-packages\starlette\middleware\trustedhost.py", line 51, in __call__
    await self.app(scope, receive, send)
  File "D:\自媒体\漫画工作流\.venv-desktop\Lib\site-packages\starlette\middleware\cors.py", line 88, in __call__
    await self.app(scope, receive, send)
  File "D:\自媒体/漫画工作流/apps/api\app\request_limits.py", line 232, in __call__
    await self.app(scope, receive, send)
  File "D:\自媒体\漫画工作流\.venv-desktop\Lib\site-packages\starlette\middleware\exceptions.py", line 63, in __call__
    await wrap_app_handling_exceptions(self.app, conn)(scope, receive, send)
  File "D:\自媒体\漫画工作流\.venv-desktop\Lib\site-packages\starlette\_exception_handler.py", line 53, in wrapped_app
    raise exc
  File "D:\自媒体\漫画工作流\.venv-desktop\Lib\site-packages\starlette\_exception_handler.py", line 42, in wrapped_app
    await app(scope, receive, sender)
  File "D:\自媒体\漫画工作流\.venv-desktop\Lib\site-packages\fastapi\middleware\asyncexitstack.py", line 18, in __call__
    await self.app(scope, receive, send)
  File "D:\自媒体\漫画工作流\.venv-desktop\Lib\site-packages\starlette\routing.py", line 670, in __call__
    await self.middleware_stack(scope, receive, send)
  File "D:\自媒体\漫画工作流\.venv-desktop\Lib\site-packages\fastapi\routing.py", line 2683, in app
    await route.handle(scope, receive, send)
  File "D:\自媒体\漫画工作流\.venv-desktop\Lib\site-packages\fastapi\routing.py", line 1753, in handle
    await self.original_router.handle(scope, receive, send)
  File "D:\自媒体\漫画工作流\.venv-desktop\Lib\site-packages\fastapi\routing.py", line 2738, in handle
    await included_router._handle_selected(scope, receive, send)
  File "D:\自媒体\漫画工作流\.venv-desktop\Lib\site-packages\fastapi\routing.py", line 1764, in _handle_selected
    await route.handle(scope, receive, send)
  File "D:\自媒体\漫画工作流\.venv-desktop\Lib\site-packages\fastapi\routing.py", line 1753, in handle
    await self.original_router.handle(scope, receive, send)
  File "D:\自媒体\漫画工作流\.venv-desktop\Lib\site-packages\fastapi\routing.py", line 2738, in handle
    await included_router._handle_selected(scope, receive, send)
  File "D:\自媒体\漫画工作流\.venv-desktop\Lib\site-packages\fastapi\routing.py", line 1773, in _handle_selected
    await original_route.handle(scope, receive, send)
  File "D:\自媒体\漫画工作流\.venv-desktop\Lib\site-packages\fastapi\routing.py", line 1264, in handle
    await app(scope, receive, send)
  File "D:\自媒体\漫画工作流\.venv-desktop\Lib\site-packages\fastapi\routing.py", line 150, in app
    await wrap_app_handling_exceptions(app, request)(scope, receive, send)
  File "D:\自媒体\漫画工作流\.venv-desktop\Lib\site-packages\starlette\_exception_handler.py", line 53, in wrapped_app
    raise exc
  File "D:\自媒体\漫画工作流\.venv-desktop\Lib\site-packages\starlette\_exception_handler.py", line 42, in wrapped_app
    await app(scope, receive, sender)
  File "D:\自媒体\漫画工作流\.venv-desktop\Lib\site-packages\fastapi\routing.py", line 136, in app
    response = await f(request)
               ^^^^^^^^^^^^^^^^
  File "D:\自媒体\漫画工作流\.venv-desktop\Lib\site-packages\fastapi\routing.py", line 690, in app
    raw_response = await run_endpoint_function(
                   ^^^^^^^^^^^^^^^^^^^^^^^^^^^^
  File "D:\自媒体\漫画工作流\.venv-desktop\Lib\site-packages\fastapi\routing.py", line 346, in run_endpoint_function
    return await run_in_threadpool(dependant.call, **values)
           ^^^^^^^^^^^^^^^^^^^^^^^^^^^^^^^^^^^^^^^^^^^^^^^^^
  File "D:\自媒体\漫画工作流\.venv-desktop\Lib\site-packages\starlette\concurrency.py", line 34, in run_in_threadpool
    return await anyio.to_thread.run_sync(func)
           ^^^^^^^^^^^^^^^^^^^^^^^^^^^^^^^^^^^^
  File "D:\自媒体\漫画工作流\.venv-desktop\Lib\site-packages\anyio\to_thread.py", line 65, in run_sync
    return await get_async_backend().run_sync_in_worker_thread(
           ^^^^^^^^^^^^^^^^^^^^^^^^^^^^^^^^^^^^^^^^^^^^^^^^^^^^
  File "D:\自媒体\漫画工作流\.venv-desktop\Lib\site-packages\anyio\_backends\_asyncio.py", line 2706, in run_sync_in_worker_thread
    return await future
           ^^^^^^^^^^^^
  File "D:\自媒体\漫画工作流\.venv-desktop\Lib\site-packages\anyio\_backends\_asyncio.py", line 1100, in run
    result = context.run(func, *args)
             ^^^^^^^^^^^^^^^^^^^^^^^^
  File "D:\自媒体/漫画工作流/apps/api\app\api\routes\uploads.py", line 706, in asset_thumbnail
    asset = db.get(Asset, asset_id)
            ^^^^^^^^^^^^^^^^^^^^^^^
  File "D:\自媒体\漫画工作流\.venv-desktop\Lib\site-packages\sqlalchemy\orm\session.py", line 3702, in get
    return self._get_impl(
           ^^^^^^^^^^^^^^^
  File "D:\自媒体\漫画工作流\.venv-desktop\Lib\site-packages\sqlalchemy\orm\session.py", line 3881, in _get_impl
    return db_load_fn(
           ^^^^^^^^^^^
  File "D:\自媒体\漫画工作流\.venv-desktop\Lib\site-packages\sqlalchemy\orm\loading.py", line 695, in load_on_pk_identity
    session.execute(
  File "D:\自媒体\漫画工作流\.venv-desktop\Lib\site-packages\sqlalchemy\orm\session.py", line 2373, in execute
    return self._execute_internal(
           ^^^^^^^^^^^^^^^^^^^^^^^
  File "D:\自媒体\漫画工作流\.venv-desktop\Lib\site-packages\sqlalchemy\orm\session.py", line 2261, in _execute_internal
    conn = self._connection_for_bind(bind)
           ^^^^^^^^^^^^^^^^^^^^^^^^^^^^^^^
  File "D:\自媒体\漫画工作流\.venv-desktop\Lib\site-packages\sqlalchemy\orm\session.py", line 2113, in _connection_for_bind
    return trans._connection_for_bind(engine, execution_options)
           ^^^^^^^^^^^^^^^^^^^^^^^^^^^^^^^^^^^^^^^^^^^^^^^^^^^^^
  File "<string>", line 2, in _connection_for_bind
  File "D:\自媒体\漫画工作流\.venv-desktop\Lib\site-packages\sqlalchemy\orm\state_changes.py", line 137, in _go
    ret_value = fn(self, *arg, **kw)
                ^^^^^^^^^^^^^^^^^^^^
  File "D:\自媒体\漫画工作流\.venv-desktop\Lib\site-packages\sqlalchemy\orm\session.py", line 1191, in _connection_for_bind
    conn = bind.connect()
           ^^^^^^^^^^^^^^
  File "D:\自媒体\漫画工作流\.venv-desktop\Lib\site-packages\sqlalchemy\engine\base.py", line 3295, in connect
    return self._connection_cls(self)
           ^^^^^^^^^^^^^^^^^^^^^^^^^^
  File "D:\自媒体\漫画工作流\.venv-desktop\Lib\site-packages\sqlalchemy\engine\base.py", line 144, in __init__
    self._dbapi_connection = engine.raw_connection()
                             ^^^^^^^^^^^^^^^^^^^^^^^
  File "D:\自媒体\漫画工作流\.venv-desktop\Lib\site-packages\sqlalchemy\engine\base.py", line 3319, in raw_connection
    return self.pool.connect()
           ^^^^^^^^^^^^^^^^^^^
  File "D:\自媒体\漫画工作流\.venv-desktop\Lib\site-packages\sqlalchemy\pool\base.py", line 448, in connect
    return _ConnectionFairy._checkout(self)
           ^^^^^^^^^^^^^^^^^^^^^^^^^^^^^^^^
  File "D:\自媒体\漫画工作流\.venv-desktop\Lib\site-packages\sqlalchemy\pool\base.py", line 1272, in _checkout
    fairy = _ConnectionRecord.checkout(pool)
            ^^^^^^^^^^^^^^^^^^^^^^^^^^^^^^^^
  File "D:\自媒体\漫画工作流\.venv-desktop\Lib\site-packages\sqlalchemy\pool\base.py", line 712, in checkout
    rec = pool._do_get()
          ^^^^^^^^^^^^^^
  File "D:\自媒体\漫画工作流\.venv-desktop\Lib\site-packages\sqlalchemy\pool\impl.py", line 167, in _do_get
    raise exc.TimeoutError(
sqlalchemy.exc.TimeoutError: QueuePool limit of size 5 overflow 10 reached, connection timed out, timeout 30.00 (Background on this error at: https://sqlalche.me/e/20/3o7r)
ERROR:    Exception in ASGI application
Traceback (most recent call last):
  File "D:\自媒体\漫画工作流\.venv-desktop\Lib\site-packages\uvicorn\protocols\http\httptools_impl.py", line 422, in run_asgi
    result = await app(  # type: ignore[func-returns-value]
             ^^^^^^^^^^^^^^^^^^^^^^^^^^^^^^^^^^^^^^^^^^^^^^
  File "D:\自媒体\漫画工作流\.venv-desktop\Lib\site-packages\uvicorn\middleware\proxy_headers.py", line 63, in __call__
    return await self.app(scope, receive, send)
           ^^^^^^^^^^^^^^^^^^^^^^^^^^^^^^^^^^^^
  File "D:\自媒体\漫画工作流\.venv-desktop\Lib\site-packages\fastapi\applications.py", line 1163, in __call__
    await super().__call__(scope, receive, send)
  File "D:\自媒体\漫画工作流\.venv-desktop\Lib\site-packages\starlette\applications.py", line 96, in __call__
    await self.middleware_stack(scope, receive, send)
  File "D:\自媒体\漫画工作流\.venv-desktop\Lib\site-packages\starlette\middleware\errors.py", line 186, in __call__
    raise exc
  File "D:\自媒体\漫画工作流\.venv-desktop\Lib\site-packages\starlette\middleware\errors.py", line 164, in __call__
    await self.app(scope, receive, _send)
  File "D:\自媒体\漫画工作流\.venv-desktop\Lib\site-packages\starlette\middleware\trustedhost.py", line 51, in __call__
    await self.app(scope, receive, send)
  File "D:\自媒体\漫画工作流\.venv-desktop\Lib\site-packages\starlette\middleware\cors.py", line 88, in __call__
    await self.app(scope, receive, send)
  File "D:\自媒体/漫画工作流/apps/api\app\request_limits.py", line 232, in __call__
    await self.app(scope, receive, send)
  File "D:\自媒体\漫画工作流\.venv-desktop\Lib\site-packages\starlette\middleware\exceptions.py", line 63, in __call__
    await wrap_app_handling_exceptions(self.app, conn)(scope, receive, send)
  File "D:\自媒体\漫画工作流\.venv-desktop\Lib\site-packages\starlette\_exception_handler.py", line 53, in wrapped_app
    raise exc
  File "D:\自媒体\漫画工作流\.venv-desktop\Lib\site-packages\starlette\_exception_handler.py", line 42, in wrapped_app
    await app(scope, receive, sender)
  File "D:\自媒体\漫画工作流\.venv-desktop\Lib\site-packages\fastapi\middleware\asyncexitstack.py", line 18, in __call__
    await self.app(scope, receive, send)
  File "D:\自媒体\漫画工作流\.venv-desktop\Lib\site-packages\starlette\routing.py", line 670, in __call__
    await self.middleware_stack(scope, receive, send)
  File "D:\自媒体\漫画工作流\.venv-desktop\Lib\site-packages\fastapi\routing.py", line 2683, in app
    await route.handle(scope, receive, send)
  File "D:\自媒体\漫画工作流\.venv-desktop\Lib\site-packages\fastapi\routing.py", line 1753, in handle
    await self.original_router.handle(scope, receive, send)
  File "D:\自媒体\漫画工作流\.venv-desktop\Lib\site-packages\fastapi\routing.py", line 2738, in handle
    await included_router._handle_selected(scope, receive, send)
  File "D:\自媒体\漫画工作流\.venv-desktop\Lib\site-packages\fastapi\routing.py", line 1764, in _handle_selected
    await route.handle(scope, receive, send)
  File "D:\自媒体\漫画工作流\.venv-desktop\Lib\site-packages\fastapi\routing.py", line 1753, in handle
    await self.original_router.handle(scope, receive, send)
  File "D:\自媒体\漫画工作流\.venv-desktop\Lib\site-packages\fastapi\routing.py", line 2738, in handle
    await included_router._handle_selected(scope, receive, send)
  File "D:\自媒体\漫画工作流\.venv-desktop\Lib\site-packages\fastapi\routing.py", line 1773, in _handle_selected
    await original_route.handle(scope, receive, send)
  File "D:\自媒体\漫画工作流\.venv-desktop\Lib\site-packages\fastapi\routing.py", line 1264, in handle
    await app(scope, receive, send)
  File "D:\自媒体\漫画工作流\.venv-desktop\Lib\site-packages\fastapi\routing.py", line 150, in app
    await wrap_app_handling_exceptions(app, request)(scope, receive, send)
  File "D:\自媒体\漫画工作流\.venv-desktop\Lib\site-packages\starlette\_exception_handler.py", line 53, in wrapped_app
    raise exc
  File "D:\自媒体\漫画工作流\.venv-desktop\Lib\site-packages\starlette\_exception_handler.py", line 42, in wrapped_app
    await app(scope, receive, sender)
  File "D:\自媒体\漫画工作流\.venv-desktop\Lib\site-packages\fastapi\routing.py", line 136, in app
    response = await f(request)
               ^^^^^^^^^^^^^^^^
  File "D:\自媒体\漫画工作流\.venv-desktop\Lib\site-packages\fastapi\routing.py", line 690, in app
    raw_response = await run_endpoint_function(
                   ^^^^^^^^^^^^^^^^^^^^^^^^^^^^
  File "D:\自媒体\漫画工作流\.venv-desktop\Lib\site-packages\fastapi\routing.py", line 346, in run_endpoint_function
    return await run_in_threadpool(dependant.call, **values)
           ^^^^^^^^^^^^^^^^^^^^^^^^^^^^^^^^^^^^^^^^^^^^^^^^^
  File "D:\自媒体\漫画工作流\.venv-desktop\Lib\site-packages\starlette\concurrency.py", line 34, in run_in_threadpool
    return await anyio.to_thread.run_sync(func)
           ^^^^^^^^^^^^^^^^^^^^^^^^^^^^^^^^^^^^
  File "D:\自媒体\漫画工作流\.venv-desktop\Lib\site-packages\anyio\to_thread.py", line 65, in run_sync
    return await get_async_backend().run_sync_in_worker_thread(
           ^^^^^^^^^^^^^^^^^^^^^^^^^^^^^^^^^^^^^^^^^^^^^^^^^^^^
  File "D:\自媒体\漫画工作流\.venv-desktop\Lib\site-packages\anyio\_backends\_asyncio.py", line 2706, in run_sync_in_worker_thread
    return await future
           ^^^^^^^^^^^^
  File "D:\自媒体\漫画工作流\.venv-desktop\Lib\site-packages\anyio\_backends\_asyncio.py", line 1100, in run
    result = context.run(func, *args)
             ^^^^^^^^^^^^^^^^^^^^^^^^
  File "D:\自媒体/漫画工作流/apps/api\app\api\routes\uploads.py", line 706, in asset_thumbnail
    asset = db.get(Asset, asset_id)
            ^^^^^^^^^^^^^^^^^^^^^^^
  File "D:\自媒体\漫画工作流\.venv-desktop\Lib\site-packages\sqlalchemy\orm\session.py", line 3702, in get
    return self._get_impl(
           ^^^^^^^^^^^^^^^
  File "D:\自媒体\漫画工作流\.venv-desktop\Lib\site-packages\sqlalchemy\orm\session.py", line 3881, in _get_impl
    return db_load_fn(
           ^^^^^^^^^^^
  File "D:\自媒体\漫画工作流\.venv-desktop\Lib\site-packages\sqlalchemy\orm\loading.py", line 695, in load_on_pk_identity
    session.execute(
  File "D:\自媒体\漫画工作流\.venv-desktop\Lib\site-packages\sqlalchemy\orm\session.py", line 2373, in execute
    return self._execute_internal(
           ^^^^^^^^^^^^^^^^^^^^^^^
  File "D:\自媒体\漫画工作流\.venv-desktop\Lib\site-packages\sqlalchemy\orm\session.py", line 2261, in _execute_internal
    conn = self._connection_for_bind(bind)
           ^^^^^^^^^^^^^^^^^^^^^^^^^^^^^^^
  File "D:\自媒体\漫画工作流\.venv-desktop\Lib\site-packages\sqlalchemy\orm\session.py", line 2113, in _connection_for_bind
    return trans._connection_for_bind(engine, execution_options)
           ^^^^^^^^^^^^^^^^^^^^^^^^^^^^^^^^^^^^^^^^^^^^^^^^^^^^^
  File "<string>", line 2, in _connection_for_bind
  File "D:\自媒体\漫画工作流\.venv-desktop\Lib\site-packages\sqlalchemy\orm\state_changes.py", line 137, in _go
    ret_value = fn(self, *arg, **kw)
                ^^^^^^^^^^^^^^^^^^^^
  File "D:\自媒体\漫画工作流\.venv-desktop\Lib\site-packages\sqlalchemy\orm\session.py", line 1191, in _connection_for_bind
    conn = bind.connect()
           ^^^^^^^^^^^^^^
  File "D:\自媒体\漫画工作流\.venv-desktop\Lib\site-packages\sqlalchemy\engine\base.py", line 3295, in connect
    return self._connection_cls(self)
           ^^^^^^^^^^^^^^^^^^^^^^^^^^
  File "D:\自媒体\漫画工作流\.venv-desktop\Lib\site-packages\sqlalchemy\engine\base.py", line 144, in __init__
    self._dbapi_connection = engine.raw_connection()
                             ^^^^^^^^^^^^^^^^^^^^^^^
  File "D:\自媒体\漫画工作流\.venv-desktop\Lib\site-packages\sqlalchemy\engine\base.py", line 3319, in raw_connection
    return self.pool.connect()
           ^^^^^^^^^^^^^^^^^^^
  File "D:\自媒体\漫画工作流\.venv-desktop\Lib\site-packages\sqlalchemy\pool\base.py", line 448, in connect
    return _ConnectionFairy._checkout(self)
           ^^^^^^^^^^^^^^^^^^^^^^^^^^^^^^^^
  File "D:\自媒体\漫画工作流\.venv-desktop\Lib\site-packages\sqlalchemy\pool\base.py", line 1272, in _checkout
    fairy = _ConnectionRecord.checkout(pool)
            ^^^^^^^^^^^^^^^^^^^^^^^^^^^^^^^^
  File "D:\自媒体\漫画工作流\.venv-desktop\Lib\site-packages\sqlalchemy\pool\base.py", line 712, in checkout
    rec = pool._do_get()
          ^^^^^^^^^^^^^^
  File "D:\自媒体\漫画工作流\.venv-desktop\Lib\site-packages\sqlalchemy\pool\impl.py", line 167, in _do_get
    raise exc.TimeoutError(
sqlalchemy.exc.TimeoutError: QueuePool limit of size 5 overflow 10 reached, connection timed out, timeout 30.00 (Background on this error at: https://sqlalche.me/e/20/3o7r)
ERROR:    Exception in ASGI application
Traceback (most recent call last):
  File "D:\自媒体\漫画工作流\.venv-desktop\Lib\site-packages\uvicorn\protocols\http\httptools_impl.py", line 422, in run_asgi
    result = await app(  # type: ignore[func-returns-value]
             ^^^^^^^^^^^^^^^^^^^^^^^^^^^^^^^^^^^^^^^^^^^^^^
  File "D:\自媒体\漫画工作流\.venv-desktop\Lib\site-packages\uvicorn\middleware\proxy_headers.py", line 63, in __call__
    return await self.app(scope, receive, send)
           ^^^^^^^^^^^^^^^^^^^^^^^^^^^^^^^^^^^^
  File "D:\自媒体\漫画工作流\.venv-desktop\Lib\site-packages\fastapi\applications.py", line 1163, in __call__
    await super().__call__(scope, receive, send)
  File "D:\自媒体\漫画工作流\.venv-desktop\Lib\site-packages\starlette\applications.py", line 96, in __call__
    await self.middleware_stack(scope, receive, send)
  File "D:\自媒体\漫画工作流\.venv-desktop\Lib\site-packages\starlette\middleware\errors.py", line 186, in __call__
    raise exc
  File "D:\自媒体\漫画工作流\.venv-desktop\Lib\site-packages\starlette\middleware\errors.py", line 164, in __call__
    await self.app(scope, receive, _send)
  File "D:\自媒体\漫画工作流\.venv-desktop\Lib\site-packages\starlette\middleware\trustedhost.py", line 51, in __call__
    await self.app(scope, receive, send)
  File "D:\自媒体\漫画工作流\.venv-desktop\Lib\site-packages\starlette\middleware\cors.py", line 88, in __call__
    await self.app(scope, receive, send)
  File "D:\自媒体/漫画工作流/apps/api\app\request_limits.py", line 232, in __call__
    await self.app(scope, receive, send)
  File "D:\自媒体\漫画工作流\.venv-desktop\Lib\site-packages\starlette\middleware\exceptions.py", line 63, in __call__
    await wrap_app_handling_exceptions(self.app, conn)(scope, receive, send)
  File "D:\自媒体\漫画工作流\.venv-desktop\Lib\site-packages\starlette\_exception_handler.py", line 53, in wrapped_app
    raise exc
  File "D:\自媒体\漫画工作流\.venv-desktop\Lib\site-packages\starlette\_exception_handler.py", line 42, in wrapped_app
    await app(scope, receive, sender)
  File "D:\自媒体\漫画工作流\.venv-desktop\Lib\site-packages\fastapi\middleware\asyncexitstack.py", line 18, in __call__
    await self.app(scope, receive, send)
  File "D:\自媒体\漫画工作流\.venv-desktop\Lib\site-packages\starlette\routing.py", line 670, in __call__
    await self.middleware_stack(scope, receive, send)
  File "D:\自媒体\漫画工作流\.venv-desktop\Lib\site-packages\fastapi\routing.py", line 2683, in app
    await route.handle(scope, receive, send)
  File "D:\自媒体\漫画工作流\.venv-desktop\Lib\site-packages\fastapi\routing.py", line 1753, in handle
    await self.original_router.handle(scope, receive, send)
  File "D:\自媒体\漫画工作流\.venv-desktop\Lib\site-packages\fastapi\routing.py", line 2738, in handle
    await included_router._handle_selected(scope, receive, send)
  File "D:\自媒体\漫画工作流\.venv-desktop\Lib\site-packages\fastapi\routing.py", line 1764, in _handle_selected
    await route.handle(scope, receive, send)
  File "D:\自媒体\漫画工作流\.venv-desktop\Lib\site-packages\fastapi\routing.py", line 1753, in handle
    await self.original_router.handle(scope, receive, send)
  File "D:\自媒体\漫画工作流\.venv-desktop\Lib\site-packages\fastapi\routing.py", line 2738, in handle
    await included_router._handle_selected(scope, receive, send)
  File "D:\自媒体\漫画工作流\.venv-desktop\Lib\site-packages\fastapi\routing.py", line 1773, in _handle_selected
    await original_route.handle(scope, receive, send)
  File "D:\自媒体\漫画工作流\.venv-desktop\Lib\site-packages\fastapi\routing.py", line 1264, in handle
    await app(scope, receive, send)
  File "D:\自媒体\漫画工作流\.venv-desktop\Lib\site-packages\fastapi\routing.py", line 150, in app
    await wrap_app_handling_exceptions(app, request)(scope, receive, send)
  File "D:\自媒体\漫画工作流\.venv-desktop\Lib\site-packages\starlette\_exception_handler.py", line 53, in wrapped_app
    raise exc
  File "D:\自媒体\漫画工作流\.venv-desktop\Lib\site-packages\starlette\_exception_handler.py", line 42, in wrapped_app
    await app(scope, receive, sender)
  File "D:\自媒体\漫画工作流\.venv-desktop\Lib\site-packages\fastapi\routing.py", line 136, in app
    response = await f(request)
               ^^^^^^^^^^^^^^^^
  File "D:\自媒体\漫画工作流\.venv-desktop\Lib\site-packages\fastapi\routing.py", line 690, in app
    raw_response = await run_endpoint_function(
                   ^^^^^^^^^^^^^^^^^^^^^^^^^^^^
  File "D:\自媒体\漫画工作流\.venv-desktop\Lib\site-packages\fastapi\routing.py", line 346, in run_endpoint_function
    return await run_in_threadpool(dependant.call, **values)
           ^^^^^^^^^^^^^^^^^^^^^^^^^^^^^^^^^^^^^^^^^^^^^^^^^
  File "D:\自媒体\漫画工作流\.venv-desktop\Lib\site-packages\starlette\concurrency.py", line 34, in run_in_threadpool
    return await anyio.to_thread.run_sync(func)
           ^^^^^^^^^^^^^^^^^^^^^^^^^^^^^^^^^^^^
  File "D:\自媒体\漫画工作流\.venv-desktop\Lib\site-packages\anyio\to_thread.py", line 65, in run_sync
    return await get_async_backend().run_sync_in_worker_thread(
           ^^^^^^^^^^^^^^^^^^^^^^^^^^^^^^^^^^^^^^^^^^^^^^^^^^^^
  File "D:\自媒体\漫画工作流\.venv-desktop\Lib\site-packages\anyio\_backends\_asyncio.py", line 2706, in run_sync_in_worker_thread
    return await future
           ^^^^^^^^^^^^
  File "D:\自媒体\漫画工作流\.venv-desktop\Lib\site-packages\anyio\_backends\_asyncio.py", line 1100, in run
    result = context.run(func, *args)
             ^^^^^^^^^^^^^^^^^^^^^^^^
  File "D:\自媒体/漫画工作流/apps/api\app\api\routes\uploads.py", line 706, in asset_thumbnail
    asset = db.get(Asset, asset_id)
            ^^^^^^^^^^^^^^^^^^^^^^^
  File "D:\自媒体\漫画工作流\.venv-desktop\Lib\site-packages\sqlalchemy\orm\session.py", line 3702, in get
    return self._get_impl(
           ^^^^^^^^^^^^^^^
  File "D:\自媒体\漫画工作流\.venv-desktop\Lib\site-packages\sqlalchemy\orm\session.py", line 3881, in _get_impl
    return db_load_fn(
           ^^^^^^^^^^^
  File "D:\自媒体\漫画工作流\.venv-desktop\Lib\site-packages\sqlalchemy\orm\loading.py", line 695, in load_on_pk_identity
    session.execute(
  File "D:\自媒体\漫画工作流\.venv-desktop\Lib\site-packages\sqlalchemy\orm\session.py", line 2373, in execute
    return self._execute_internal(
           ^^^^^^^^^^^^^^^^^^^^^^^
  File "D:\自媒体\漫画工作流\.venv-desktop\Lib\site-packages\sqlalchemy\orm\session.py", line 2261, in _execute_internal
    conn = self._connection_for_bind(bind)
           ^^^^^^^^^^^^^^^^^^^^^^^^^^^^^^^
  File "D:\自媒体\漫画工作流\.venv-desktop\Lib\site-packages\sqlalchemy\orm\session.py", line 2113, in _connection_for_bind
    return trans._connection_for_bind(engine, execution_options)
           ^^^^^^^^^^^^^^^^^^^^^^^^^^^^^^^^^^^^^^^^^^^^^^^^^^^^^
  File "<string>", line 2, in _connection_for_bind
  File "D:\自媒体\漫画工作流\.venv-desktop\Lib\site-packages\sqlalchemy\orm\state_changes.py", line 137, in _go
    ret_value = fn(self, *arg, **kw)
                ^^^^^^^^^^^^^^^^^^^^
  File "D:\自媒体\漫画工作流\.venv-desktop\Lib\site-packages\sqlalchemy\orm\session.py", line 1191, in _connection_for_bind
    conn = bind.connect()
           ^^^^^^^^^^^^^^
  File "D:\自媒体\漫画工作流\.venv-desktop\Lib\site-packages\sqlalchemy\engine\base.py", line 3295, in connect
    return self._connection_cls(self)
           ^^^^^^^^^^^^^^^^^^^^^^^^^^
  File "D:\自媒体\漫画工作流\.venv-desktop\Lib\site-packages\sqlalchemy\engine\base.py", line 144, in __init__
    self._dbapi_connection = engine.raw_connection()
                             ^^^^^^^^^^^^^^^^^^^^^^^
  File "D:\自媒体\漫画工作流\.venv-desktop\Lib\site-packages\sqlalchemy\engine\base.py", line 3319, in raw_connection
    return self.pool.connect()
           ^^^^^^^^^^^^^^^^^^^
  File "D:\自媒体\漫画工作流\.venv-desktop\Lib\site-packages\sqlalchemy\pool\base.py", line 448, in connect
    return _ConnectionFairy._checkout(self)
           ^^^^^^^^^^^^^^^^^^^^^^^^^^^^^^^^
  File "D:\自媒体\漫画工作流\.venv-desktop\Lib\site-packages\sqlalchemy\pool\base.py", line 1272, in _checkout
    fairy = _ConnectionRecord.checkout(pool)
            ^^^^^^^^^^^^^^^^^^^^^^^^^^^^^^^^
  File "D:\自媒体\漫画工作流\.venv-desktop\Lib\site-packages\sqlalchemy\pool\base.py", line 712, in checkout
    rec = pool._do_get()
          ^^^^^^^^^^^^^^
  File "D:\自媒体\漫画工作流\.venv-desktop\Lib\site-packages\sqlalchemy\pool\impl.py", line 167, in _do_get
    raise exc.TimeoutError(
sqlalchemy.exc.TimeoutError: QueuePool limit of size 5 overflow 10 reached, connection timed out, timeout 30.00 (Background on this error at: https://sqlalche.me/e/20/3o7r)
ERROR:    Exception in ASGI application
Traceback (most recent call last):
  File "D:\自媒体\漫画工作流\.venv-desktop\Lib\site-packages\uvicorn\protocols\http\httptools_impl.py", line 422, in run_asgi
    result = await app(  # type: ignore[func-returns-value]
             ^^^^^^^^^^^^^^^^^^^^^^^^^^^^^^^^^^^^^^^^^^^^^^
  File "D:\自媒体\漫画工作流\.venv-desktop\Lib\site-packages\uvicorn\middleware\proxy_headers.py", line 63, in __call__
    return await self.app(scope, receive, send)
           ^^^^^^^^^^^^^^^^^^^^^^^^^^^^^^^^^^^^
  File "D:\自媒体\漫画工作流\.venv-desktop\Lib\site-packages\fastapi\applications.py", line 1163, in __call__
    await super().__call__(scope, receive, send)
  File "D:\自媒体\漫画工作流\.venv-desktop\Lib\site-packages\starlette\applications.py", line 96, in __call__
    await self.middleware_stack(scope, receive, send)
  File "D:\自媒体\漫画工作流\.venv-desktop\Lib\site-packages\starlette\middleware\errors.py", line 186, in __call__
    raise exc
  File "D:\自媒体\漫画工作流\.venv-desktop\Lib\site-packages\starlette\middleware\errors.py", line 164, in __call__
    await self.app(scope, receive, _send)
  File "D:\自媒体\漫画工作流\.venv-desktop\Lib\site-packages\starlette\middleware\trustedhost.py", line 51, in __call__
    await self.app(scope, receive, send)
  File "D:\自媒体\漫画工作流\.venv-desktop\Lib\site-packages\starlette\middleware\cors.py", line 88, in __call__
    await self.app(scope, receive, send)
  File "D:\自媒体/漫画工作流/apps/api\app\request_limits.py", line 232, in __call__
    await self.app(scope, receive, send)
  File "D:\自媒体\漫画工作流\.venv-desktop\Lib\site-packages\starlette\middleware\exceptions.py", line 63, in __call__
    await wrap_app_handling_exceptions(self.app, conn)(scope, receive, send)
  File "D:\自媒体\漫画工作流\.venv-desktop\Lib\site-packages\starlette\_exception_handler.py", line 53, in wrapped_app
    raise exc
  File "D:\自媒体\漫画工作流\.venv-desktop\Lib\site-packages\starlette\_exception_handler.py", line 42, in wrapped_app
    await app(scope, receive, sender)
  File "D:\自媒体\漫画工作流\.venv-desktop\Lib\site-packages\fastapi\middleware\asyncexitstack.py", line 18, in __call__
    await self.app(scope, receive, send)
  File "D:\自媒体\漫画工作流\.venv-desktop\Lib\site-packages\starlette\routing.py", line 670, in __call__
    await self.middleware_stack(scope, receive, send)
  File "D:\自媒体\漫画工作流\.venv-desktop\Lib\site-packages\fastapi\routing.py", line 2683, in app
    await route.handle(scope, receive, send)
  File "D:\自媒体\漫画工作流\.venv-desktop\Lib\site-packages\fastapi\routing.py", line 1753, in handle
    await self.original_router.handle(scope, receive, send)
  File "D:\自媒体\漫画工作流\.venv-desktop\Lib\site-packages\fastapi\routing.py", line 2738, in handle
    await included_router._handle_selected(scope, receive, send)
  File "D:\自媒体\漫画工作流\.venv-desktop\Lib\site-packages\fastapi\routing.py", line 1764, in _handle_selected
    await route.handle(scope, receive, send)
  File "D:\自媒体\漫画工作流\.venv-desktop\Lib\site-packages\fastapi\routing.py", line 1753, in handle
    await self.original_router.handle(scope, receive, send)
  File "D:\自媒体\漫画工作流\.venv-desktop\Lib\site-packages\fastapi\routing.py", line 2738, in handle
    await included_router._handle_selected(scope, receive, send)
  File "D:\自媒体\漫画工作流\.venv-desktop\Lib\site-packages\fastapi\routing.py", line 1773, in _handle_selected
    await original_route.handle(scope, receive, send)
  File "D:\自媒体\漫画工作流\.venv-desktop\Lib\site-packages\fastapi\routing.py", line 1264, in handle
    await app(scope, receive, send)
  File "D:\自媒体\漫画工作流\.venv-desktop\Lib\site-packages\fastapi\routing.py", line 150, in app
    await wrap_app_handling_exceptions(app, request)(scope, receive, send)
  File "D:\自媒体\漫画工作流\.venv-desktop\Lib\site-packages\starlette\_exception_handler.py", line 53, in wrapped_app
    raise exc
  File "D:\自媒体\漫画工作流\.venv-desktop\Lib\site-packages\starlette\_exception_handler.py", line 42, in wrapped_app
    await app(scope, receive, sender)
  File "D:\自媒体\漫画工作流\.venv-desktop\Lib\site-packages\fastapi\routing.py", line 136, in app
    response = await f(request)
               ^^^^^^^^^^^^^^^^
  File "D:\自媒体\漫画工作流\.venv-desktop\Lib\site-packages\fastapi\routing.py", line 690, in app
    raw_response = await run_endpoint_function(
                   ^^^^^^^^^^^^^^^^^^^^^^^^^^^^
  File "D:\自媒体\漫画工作流\.venv-desktop\Lib\site-packages\fastapi\routing.py", line 346, in run_endpoint_function
    return await run_in_threadpool(dependant.call, **values)
           ^^^^^^^^^^^^^^^^^^^^^^^^^^^^^^^^^^^^^^^^^^^^^^^^^
  File "D:\自媒体\漫画工作流\.venv-desktop\Lib\site-packages\starlette\concurrency.py", line 34, in run_in_threadpool
    return await anyio.to_thread.run_sync(func)
           ^^^^^^^^^^^^^^^^^^^^^^^^^^^^^^^^^^^^
  File "D:\自媒体\漫画工作流\.venv-desktop\Lib\site-packages\anyio\to_thread.py", line 65, in run_sync
    return await get_async_backend().run_sync_in_worker_thread(
           ^^^^^^^^^^^^^^^^^^^^^^^^^^^^^^^^^^^^^^^^^^^^^^^^^^^^
  File "D:\自媒体\漫画工作流\.venv-desktop\Lib\site-packages\anyio\_backends\_asyncio.py", line 2706, in run_sync_in_worker_thread
    return await future
           ^^^^^^^^^^^^
  File "D:\自媒体\漫画工作流\.venv-desktop\Lib\site-packages\anyio\_backends\_asyncio.py", line 1100, in run
    result = context.run(func, *args)
             ^^^^^^^^^^^^^^^^^^^^^^^^
  File "D:\自媒体/漫画工作流/apps/api\app\api\routes\uploads.py", line 706, in asset_thumbnail
    asset = db.get(Asset, asset_id)
            ^^^^^^^^^^^^^^^^^^^^^^^
  File "D:\自媒体\漫画工作流\.venv-desktop\Lib\site-packages\sqlalchemy\orm\session.py", line 3702, in get
    return self._get_impl(
           ^^^^^^^^^^^^^^^
  File "D:\自媒体\漫画工作流\.venv-desktop\Lib\site-packages\sqlalchemy\orm\session.py", line 3881, in _get_impl
    return db_load_fn(
           ^^^^^^^^^^^
  File "D:\自媒体\漫画工作流\.venv-desktop\Lib\site-packages\sqlalchemy\orm\loading.py", line 695, in load_on_pk_identity
    session.execute(
  File "D:\自媒体\漫画工作流\.venv-desktop\Lib\site-packages\sqlalchemy\orm\session.py", line 2373, in execute
    return self._execute_internal(
           ^^^^^^^^^^^^^^^^^^^^^^^
  File "D:\自媒体\漫画工作流\.venv-desktop\Lib\site-packages\sqlalchemy\orm\session.py", line 2261, in _execute_internal
    conn = self._connection_for_bind(bind)
           ^^^^^^^^^^^^^^^^^^^^^^^^^^^^^^^
  File "D:\自媒体\漫画工作流\.venv-desktop\Lib\site-packages\sqlalchemy\orm\session.py", line 2113, in _connection_for_bind
    return trans._connection_for_bind(engine, execution_options)
           ^^^^^^^^^^^^^^^^^^^^^^^^^^^^^^^^^^^^^^^^^^^^^^^^^^^^^
  File "<string>", line 2, in _connection_for_bind
  File "D:\自媒体\漫画工作流\.venv-desktop\Lib\site-packages\sqlalchemy\orm\state_changes.py", line 137, in _go
    ret_value = fn(self, *arg, **kw)
                ^^^^^^^^^^^^^^^^^^^^
  File "D:\自媒体\漫画工作流\.venv-desktop\Lib\site-packages\sqlalchemy\orm\session.py", line 1191, in _connection_for_bind
    conn = bind.connect()
           ^^^^^^^^^^^^^^
  File "D:\自媒体\漫画工作流\.venv-desktop\Lib\site-packages\sqlalchemy\engine\base.py", line 3295, in connect
    return self._connection_cls(self)
           ^^^^^^^^^^^^^^^^^^^^^^^^^^
  File "D:\自媒体\漫画工作流\.venv-desktop\Lib\site-packages\sqlalchemy\engine\base.py", line 144, in __init__
    self._dbapi_connection = engine.raw_connection()
                             ^^^^^^^^^^^^^^^^^^^^^^^
  File "D:\自媒体\漫画工作流\.venv-desktop\Lib\site-packages\sqlalchemy\engine\base.py", line 3319, in raw_connection
    return self.pool.connect()
           ^^^^^^^^^^^^^^^^^^^
  File "D:\自媒体\漫画工作流\.venv-desktop\Lib\site-packages\sqlalchemy\pool\base.py", line 448, in connect
    return _ConnectionFairy._checkout(self)
           ^^^^^^^^^^^^^^^^^^^^^^^^^^^^^^^^
  File "D:\自媒体\漫画工作流\.venv-desktop\Lib\site-packages\sqlalchemy\pool\base.py", line 1272, in _checkout
    fairy = _ConnectionRecord.checkout(pool)
            ^^^^^^^^^^^^^^^^^^^^^^^^^^^^^^^^
  File "D:\自媒体\漫画工作流\.venv-desktop\Lib\site-packages\sqlalchemy\pool\base.py", line 712, in checkout
    rec = pool._do_get()
          ^^^^^^^^^^^^^^
  File "D:\自媒体\漫画工作流\.venv-desktop\Lib\site-packages\sqlalchemy\pool\impl.py", line 167, in _do_get
    raise exc.TimeoutError(
sqlalchemy.exc.TimeoutError: QueuePool limit of size 5 overflow 10 reached, connection timed out, timeout 30.00 (Background on this error at: https://sqlalche.me/e/20/3o7r)
ERROR:    Exception in ASGI application
Traceback (most recent call last):
  File "D:\自媒体\漫画工作流\.venv-desktop\Lib\site-packages\uvicorn\protocols\http\httptools_impl.py", line 422, in run_asgi
    result = await app(  # type: ignore[func-returns-value]
             ^^^^^^^^^^^^^^^^^^^^^^^^^^^^^^^^^^^^^^^^^^^^^^
  File "D:\自媒体\漫画工作流\.venv-desktop\Lib\site-packages\uvicorn\middleware\proxy_headers.py", line 63, in __call__
    return await self.app(scope, receive, send)
           ^^^^^^^^^^^^^^^^^^^^^^^^^^^^^^^^^^^^
  File "D:\自媒体\漫画工作流\.venv-desktop\Lib\site-packages\fastapi\applications.py", line 1163, in __call__
    await super().__call__(scope, receive, send)
  File "D:\自媒体\漫画工作流\.venv-desktop\Lib\site-packages\starlette\applications.py", line 96, in __call__
    await self.middleware_stack(scope, receive, send)
  File "D:\自媒体\漫画工作流\.venv-desktop\Lib\site-packages\starlette\middleware\errors.py", line 186, in __call__
    raise exc
  File "D:\自媒体\漫画工作流\.venv-desktop\Lib\site-packages\starlette\middleware\errors.py", line 164, in __call__
    await self.app(scope, receive, _send)
  File "D:\自媒体\漫画工作流\.venv-desktop\Lib\site-packages\starlette\middleware\trustedhost.py", line 51, in __call__
    await self.app(scope, receive, send)
  File "D:\自媒体\漫画工作流\.venv-desktop\Lib\site-packages\starlette\middleware\cors.py", line 88, in __call__
    await self.app(scope, receive, send)
  File "D:\自媒体/漫画工作流/apps/api\app\request_limits.py", line 232, in __call__
    await self.app(scope, receive, send)
  File "D:\自媒体\漫画工作流\.venv-desktop\Lib\site-packages\starlette\middleware\exceptions.py", line 63, in __call__
    await wrap_app_handling_exceptions(self.app, conn)(scope, receive, send)
  File "D:\自媒体\漫画工作流\.venv-desktop\Lib\site-packages\starlette\_exception_handler.py", line 53, in wrapped_app
    raise exc
  File "D:\自媒体\漫画工作流\.venv-desktop\Lib\site-packages\starlette\_exception_handler.py", line 42, in wrapped_app
    await app(scope, receive, sender)
  File "D:\自媒体\漫画工作流\.venv-desktop\Lib\site-packages\fastapi\middleware\asyncexitstack.py", line 18, in __call__
    await self.app(scope, receive, send)
  File "D:\自媒体\漫画工作流\.venv-desktop\Lib\site-packages\starlette\routing.py", line 670, in __call__
    await self.middleware_stack(scope, receive, send)
  File "D:\自媒体\漫画工作流\.venv-desktop\Lib\site-packages\fastapi\routing.py", line 2683, in app
    await route.handle(scope, receive, send)
  File "D:\自媒体\漫画工作流\.venv-desktop\Lib\site-packages\fastapi\routing.py", line 1753, in handle
    await self.original_router.handle(scope, receive, send)
  File "D:\自媒体\漫画工作流\.venv-desktop\Lib\site-packages\fastapi\routing.py", line 2738, in handle
    await included_router._handle_selected(scope, receive, send)
  File "D:\自媒体\漫画工作流\.venv-desktop\Lib\site-packages\fastapi\routing.py", line 1764, in _handle_selected
    await route.handle(scope, receive, send)
  File "D:\自媒体\漫画工作流\.venv-desktop\Lib\site-packages\fastapi\routing.py", line 1753, in handle
    await self.original_router.handle(scope, receive, send)
  File "D:\自媒体\漫画工作流\.venv-desktop\Lib\site-packages\fastapi\routing.py", line 2738, in handle
    await included_router._handle_selected(scope, receive, send)
  File "D:\自媒体\漫画工作流\.venv-desktop\Lib\site-packages\fastapi\routing.py", line 1773, in _handle_selected
    await original_route.handle(scope, receive, send)
  File "D:\自媒体\漫画工作流\.venv-desktop\Lib\site-packages\fastapi\routing.py", line 1264, in handle
    await app(scope, receive, send)
  File "D:\自媒体\漫画工作流\.venv-desktop\Lib\site-packages\fastapi\routing.py", line 150, in app
    await wrap_app_handling_exceptions(app, request)(scope, receive, send)
  File "D:\自媒体\漫画工作流\.venv-desktop\Lib\site-packages\starlette\_exception_handler.py", line 53, in wrapped_app
    raise exc
  File "D:\自媒体\漫画工作流\.venv-desktop\Lib\site-packages\starlette\_exception_handler.py", line 42, in wrapped_app
    await app(scope, receive, sender)
  File "D:\自媒体\漫画工作流\.venv-desktop\Lib\site-packages\fastapi\routing.py", line 136, in app
    response = await f(request)
               ^^^^^^^^^^^^^^^^
  File "D:\自媒体\漫画工作流\.venv-desktop\Lib\site-packages\fastapi\routing.py", line 690, in app
    raw_response = await run_endpoint_function(
                   ^^^^^^^^^^^^^^^^^^^^^^^^^^^^
  File "D:\自媒体\漫画工作流\.venv-desktop\Lib\site-packages\fastapi\routing.py", line 346, in run_endpoint_function
    return await run_in_threadpool(dependant.call, **values)
           ^^^^^^^^^^^^^^^^^^^^^^^^^^^^^^^^^^^^^^^^^^^^^^^^^
  File "D:\自媒体\漫画工作流\.venv-desktop\Lib\site-packages\starlette\concurrency.py", line 34, in run_in_threadpool
    return await anyio.to_thread.run_sync(func)
           ^^^^^^^^^^^^^^^^^^^^^^^^^^^^^^^^^^^^
  File "D:\自媒体\漫画工作流\.venv-desktop\Lib\site-packages\anyio\to_thread.py", line 65, in run_sync
    return await get_async_backend().run_sync_in_worker_thread(
           ^^^^^^^^^^^^^^^^^^^^^^^^^^^^^^^^^^^^^^^^^^^^^^^^^^^^
  File "D:\自媒体\漫画工作流\.venv-desktop\Lib\site-packages\anyio\_backends\_asyncio.py", line 2706, in run_sync_in_worker_thread
    return await future
           ^^^^^^^^^^^^
  File "D:\自媒体\漫画工作流\.venv-desktop\Lib\site-packages\anyio\_backends\_asyncio.py", line 1100, in run
    result = context.run(func, *args)
             ^^^^^^^^^^^^^^^^^^^^^^^^
  File "D:\自媒体/漫画工作流/apps/api\app\api\routes\uploads.py", line 706, in asset_thumbnail
    asset = db.get(Asset, asset_id)
            ^^^^^^^^^^^^^^^^^^^^^^^
  File "D:\自媒体\漫画工作流\.venv-desktop\Lib\site-packages\sqlalchemy\orm\session.py", line 3702, in get
    return self._get_impl(
           ^^^^^^^^^^^^^^^
  File "D:\自媒体\漫画工作流\.venv-desktop\Lib\site-packages\sqlalchemy\orm\session.py", line 3881, in _get_impl
    return db_load_fn(
           ^^^^^^^^^^^
  File "D:\自媒体\漫画工作流\.venv-desktop\Lib\site-packages\sqlalchemy\orm\loading.py", line 695, in load_on_pk_identity
    session.execute(
  File "D:\自媒体\漫画工作流\.venv-desktop\Lib\site-packages\sqlalchemy\orm\session.py", line 2373, in execute
    return self._execute_internal(
           ^^^^^^^^^^^^^^^^^^^^^^^
  File "D:\自媒体\漫画工作流\.venv-desktop\Lib\site-packages\sqlalchemy\orm\session.py", line 2261, in _execute_internal
    conn = self._connection_for_bind(bind)
           ^^^^^^^^^^^^^^^^^^^^^^^^^^^^^^^
  File "D:\自媒体\漫画工作流\.venv-desktop\Lib\site-packages\sqlalchemy\orm\session.py", line 2113, in _connection_for_bind
    return trans._connection_for_bind(engine, execution_options)
           ^^^^^^^^^^^^^^^^^^^^^^^^^^^^^^^^^^^^^^^^^^^^^^^^^^^^^
  File "<string>", line 2, in _connection_for_bind
  File "D:\自媒体\漫画工作流\.venv-desktop\Lib\site-packages\sqlalchemy\orm\state_changes.py", line 137, in _go
    ret_value = fn(self, *arg, **kw)
                ^^^^^^^^^^^^^^^^^^^^
  File "D:\自媒体\漫画工作流\.venv-desktop\Lib\site-packages\sqlalchemy\orm\session.py", line 1191, in _connection_for_bind
    conn = bind.connect()
           ^^^^^^^^^^^^^^
  File "D:\自媒体\漫画工作流\.venv-desktop\Lib\site-packages\sqlalchemy\engine\base.py", line 3295, in connect
    return self._connection_cls(self)
           ^^^^^^^^^^^^^^^^^^^^^^^^^^
  File "D:\自媒体\漫画工作流\.venv-desktop\Lib\site-packages\sqlalchemy\engine\base.py", line 144, in __init__
    self._dbapi_connection = engine.raw_connection()
                             ^^^^^^^^^^^^^^^^^^^^^^^
  File "D:\自媒体\漫画工作流\.venv-desktop\Lib\site-packages\sqlalchemy\engine\base.py", line 3319, in raw_connection
    return self.pool.connect()
           ^^^^^^^^^^^^^^^^^^^
  File "D:\自媒体\漫画工作流\.venv-desktop\Lib\site-packages\sqlalchemy\pool\base.py", line 448, in connect
    return _ConnectionFairy._checkout(self)
           ^^^^^^^^^^^^^^^^^^^^^^^^^^^^^^^^
  File "D:\自媒体\漫画工作流\.venv-desktop\Lib\site-packages\sqlalchemy\pool\base.py", line 1272, in _checkout
    fairy = _ConnectionRecord.checkout(pool)
            ^^^^^^^^^^^^^^^^^^^^^^^^^^^^^^^^
  File "D:\自媒体\漫画工作流\.venv-desktop\Lib\site-packages\sqlalchemy\pool\base.py", line 712, in checkout
    rec = pool._do_get()
          ^^^^^^^^^^^^^^
  File "D:\自媒体\漫画工作流\.venv-desktop\Lib\site-packages\sqlalchemy\pool\impl.py", line 167, in _do_get
    raise exc.TimeoutError(
sqlalchemy.exc.TimeoutError: QueuePool limit of size 5 overflow 10 reached, connection timed out, timeout 30.00 (Background on this error at: https://sqlalche.me/e/20/3o7r)
ERROR:    Exception in ASGI application
Traceback (most recent call last):
  File "D:\自媒体\漫画工作流\.venv-desktop\Lib\site-packages\uvicorn\protocols\http\httptools_impl.py", line 422, in run_asgi
    result = await app(  # type: ignore[func-returns-value]
             ^^^^^^^^^^^^^^^^^^^^^^^^^^^^^^^^^^^^^^^^^^^^^^
  File "D:\自媒体\漫画工作流\.venv-desktop\Lib\site-packages\uvicorn\middleware\proxy_headers.py", line 63, in __call__
    return await self.app(scope, receive, send)
           ^^^^^^^^^^^^^^^^^^^^^^^^^^^^^^^^^^^^
  File "D:\自媒体\漫画工作流\.venv-desktop\Lib\site-packages\fastapi\applications.py", line 1163, in __call__
    await super().__call__(scope, receive, send)
  File "D:\自媒体\漫画工作流\.venv-desktop\Lib\site-packages\starlette\applications.py", line 96, in __call__
    await self.middleware_stack(scope, receive, send)
  File "D:\自媒体\漫画工作流\.venv-desktop\Lib\site-packages\starlette\middleware\errors.py", line 186, in __call__
    raise exc
  File "D:\自媒体\漫画工作流\.venv-desktop\Lib\site-packages\starlette\middleware\errors.py", line 164, in __call__
    await self.app(scope, receive, _send)
  File "D:\自媒体\漫画工作流\.venv-desktop\Lib\site-packages\starlette\middleware\trustedhost.py", line 51, in __call__
    await self.app(scope, receive, send)
  File "D:\自媒体\漫画工作流\.venv-desktop\Lib\site-packages\starlette\middleware\cors.py", line 88, in __call__
    await self.app(scope, receive, send)
  File "D:\自媒体/漫画工作流/apps/api\app\request_limits.py", line 232, in __call__
    await self.app(scope, receive, send)
  File "D:\自媒体\漫画工作流\.venv-desktop\Lib\site-packages\starlette\middleware\exceptions.py", line 63, in __call__
    await wrap_app_handling_exceptions(self.app, conn)(scope, receive, send)
  File "D:\自媒体\漫画工作流\.venv-desktop\Lib\site-packages\starlette\_exception_handler.py", line 53, in wrapped_app
    raise exc
  File "D:\自媒体\漫画工作流\.venv-desktop\Lib\site-packages\starlette\_exception_handler.py", line 42, in wrapped_app
    await app(scope, receive, sender)
  File "D:\自媒体\漫画工作流\.venv-desktop\Lib\site-packages\fastapi\middleware\asyncexitstack.py", line 18, in __call__
    await self.app(scope, receive, send)
  File "D:\自媒体\漫画工作流\.venv-desktop\Lib\site-packages\starlette\routing.py", line 670, in __call__
    await self.middleware_stack(scope, receive, send)
  File "D:\自媒体\漫画工作流\.venv-desktop\Lib\site-packages\fastapi\routing.py", line 2683, in app
    await route.handle(scope, receive, send)
  File "D:\自媒体\漫画工作流\.venv-desktop\Lib\site-packages\fastapi\routing.py", line 1753, in handle
    await self.original_router.handle(scope, receive, send)
  File "D:\自媒体\漫画工作流\.venv-desktop\Lib\site-packages\fastapi\routing.py", line 2738, in handle
    await included_router._handle_selected(scope, receive, send)
  File "D:\自媒体\漫画工作流\.venv-desktop\Lib\site-packages\fastapi\routing.py", line 1764, in _handle_selected
    await route.handle(scope, receive, send)
  File "D:\自媒体\漫画工作流\.venv-desktop\Lib\site-packages\fastapi\routing.py", line 1753, in handle
    await self.original_router.handle(scope, receive, send)
  File "D:\自媒体\漫画工作流\.venv-desktop\Lib\site-packages\fastapi\routing.py", line 2738, in handle
    await included_router._handle_selected(scope, receive, send)
  File "D:\自媒体\漫画工作流\.venv-desktop\Lib\site-packages\fastapi\routing.py", line 1773, in _handle_selected
    await original_route.handle(scope, receive, send)
  File "D:\自媒体\漫画工作流\.venv-desktop\Lib\site-packages\fastapi\routing.py", line 1264, in handle
    await app(scope, receive, send)
  File "D:\自媒体\漫画工作流\.venv-desktop\Lib\site-packages\fastapi\routing.py", line 150, in app
    await wrap_app_handling_exceptions(app, request)(scope, receive, send)
  File "D:\自媒体\漫画工作流\.venv-desktop\Lib\site-packages\starlette\_exception_handler.py", line 53, in wrapped_app
    raise exc
  File "D:\自媒体\漫画工作流\.venv-desktop\Lib\site-packages\starlette\_exception_handler.py", line 42, in wrapped_app
    await app(scope, receive, sender)
  File "D:\自媒体\漫画工作流\.venv-desktop\Lib\site-packages\fastapi\routing.py", line 136, in app
    response = await f(request)
               ^^^^^^^^^^^^^^^^
  File "D:\自媒体\漫画工作流\.venv-desktop\Lib\site-packages\fastapi\routing.py", line 690, in app
    raw_response = await run_endpoint_function(
                   ^^^^^^^^^^^^^^^^^^^^^^^^^^^^
  File "D:\自媒体\漫画工作流\.venv-desktop\Lib\site-packages\fastapi\routing.py", line 346, in run_endpoint_function
    return await run_in_threadpool(dependant.call, **values)
           ^^^^^^^^^^^^^^^^^^^^^^^^^^^^^^^^^^^^^^^^^^^^^^^^^
  File "D:\自媒体\漫画工作流\.venv-desktop\Lib\site-packages\starlette\concurrency.py", line 34, in run_in_threadpool
    return await anyio.to_thread.run_sync(func)
           ^^^^^^^^^^^^^^^^^^^^^^^^^^^^^^^^^^^^
  File "D:\自媒体\漫画工作流\.venv-desktop\Lib\site-packages\anyio\to_thread.py", line 65, in run_sync
    return await get_async_backend().run_sync_in_worker_thread(
           ^^^^^^^^^^^^^^^^^^^^^^^^^^^^^^^^^^^^^^^^^^^^^^^^^^^^
  File "D:\自媒体\漫画工作流\.venv-desktop\Lib\site-packages\anyio\_backends\_asyncio.py", line 2706, in run_sync_in_worker_thread
    return await future
           ^^^^^^^^^^^^
  File "D:\自媒体\漫画工作流\.venv-desktop\Lib\site-packages\anyio\_backends\_asyncio.py", line 1100, in run
    result = context.run(func, *args)
             ^^^^^^^^^^^^^^^^^^^^^^^^
  File "D:\自媒体/漫画工作流/apps/api\app\api\routes\uploads.py", line 706, in asset_thumbnail
    asset = db.get(Asset, asset_id)
            ^^^^^^^^^^^^^^^^^^^^^^^
  File "D:\自媒体\漫画工作流\.venv-desktop\Lib\site-packages\sqlalchemy\orm\session.py", line 3702, in get
    return self._get_impl(
           ^^^^^^^^^^^^^^^
  File "D:\自媒体\漫画工作流\.venv-desktop\Lib\site-packages\sqlalchemy\orm\session.py", line 3881, in _get_impl
    return db_load_fn(
           ^^^^^^^^^^^
  File "D:\自媒体\漫画工作流\.venv-desktop\Lib\site-packages\sqlalchemy\orm\loading.py", line 695, in load_on_pk_identity
    session.execute(
  File "D:\自媒体\漫画工作流\.venv-desktop\Lib\site-packages\sqlalchemy\orm\session.py", line 2373, in execute
    return self._execute_internal(
           ^^^^^^^^^^^^^^^^^^^^^^^
  File "D:\自媒体\漫画工作流\.venv-desktop\Lib\site-packages\sqlalchemy\orm\session.py", line 2261, in _execute_internal
    conn = self._connection_for_bind(bind)
           ^^^^^^^^^^^^^^^^^^^^^^^^^^^^^^^
  File "D:\自媒体\漫画工作流\.venv-desktop\Lib\site-packages\sqlalchemy\orm\session.py", line 2113, in _connection_for_bind
    return trans._connection_for_bind(engine, execution_options)
           ^^^^^^^^^^^^^^^^^^^^^^^^^^^^^^^^^^^^^^^^^^^^^^^^^^^^^
  File "<string>", line 2, in _connection_for_bind
  File "D:\自媒体\漫画工作流\.venv-desktop\Lib\site-packages\sqlalchemy\orm\state_changes.py", line 137, in _go
    ret_value = fn(self, *arg, **kw)
                ^^^^^^^^^^^^^^^^^^^^
  File "D:\自媒体\漫画工作流\.venv-desktop\Lib\site-packages\sqlalchemy\orm\session.py", line 1191, in _connection_for_bind
    conn = bind.connect()
           ^^^^^^^^^^^^^^
  File "D:\自媒体\漫画工作流\.venv-desktop\Lib\site-packages\sqlalchemy\engine\base.py", line 3295, in connect
    return self._connection_cls(self)
           ^^^^^^^^^^^^^^^^^^^^^^^^^^
  File "D:\自媒体\漫画工作流\.venv-desktop\Lib\site-packages\sqlalchemy\engine\base.py", line 144, in __init__
    self._dbapi_connection = engine.raw_connection()
                             ^^^^^^^^^^^^^^^^^^^^^^^
  File "D:\自媒体\漫画工作流\.venv-desktop\Lib\site-packages\sqlalchemy\engine\base.py", line 3319, in raw_connection
    return self.pool.connect()
           ^^^^^^^^^^^^^^^^^^^
  File "D:\自媒体\漫画工作流\.venv-desktop\Lib\site-packages\sqlalchemy\pool\base.py", line 448, in connect
    return _ConnectionFairy._checkout(self)
           ^^^^^^^^^^^^^^^^^^^^^^^^^^^^^^^^
  File "D:\自媒体\漫画工作流\.venv-desktop\Lib\site-packages\sqlalchemy\pool\base.py", line 1272, in _checkout
    fairy = _ConnectionRecord.checkout(pool)
            ^^^^^^^^^^^^^^^^^^^^^^^^^^^^^^^^
  File "D:\自媒体\漫画工作流\.venv-desktop\Lib\site-packages\sqlalchemy\pool\base.py", line 712, in checkout
    rec = pool._do_get()
          ^^^^^^^^^^^^^^
  File "D:\自媒体\漫画工作流\.venv-desktop\Lib\site-packages\sqlalchemy\pool\impl.py", line 167, in _do_get
    raise exc.TimeoutError(
sqlalchemy.exc.TimeoutError: QueuePool limit of size 5 overflow 10 reached, connection timed out, timeout 30.00 (Background on this error at: https://sqlalche.me/e/20/3o7r)
